[2026-02-02 11:43:49] local.ERROR: There are no commands defined in the "ide-helper" namespace. {"exception":"[object] (Symfony\\Component\\Console\\Exception\\NamespaceNotFoundException(code: 0): There are no commands defined in the \"ide-helper\" namespace. at C:/xampp/htdocs/laravel/examen_laravel_arm/vendor/symfony/console/Application.php:694)
[stacktrace]
#0 C:/xampp/htdocs/laravel/examen_laravel_arm/vendor/symfony/console/Application.php(743): Symfony/Component/Console/Application->findNamespace('ide-helper')
#1 C:/xampp/htdocs/laravel/examen_laravel_arm/vendor/symfony/console/Application.php(298): Symfony/Component/Console/Application->find('ide-helper:gene...')
#2 C:/xampp/htdocs/laravel/examen_laravel_arm/vendor/symfony/console/Application.php(195): Symfony/Component/Console/Application->doRun(Object(Symfony/Component/Console/Input/ArgvInput), Object(Symfony/Component/Console/Output/ConsoleOutput))
#3 C:/xampp/htdocs/laravel/examen_laravel_arm/vendor/laravel/framework/src/Illuminate/Foundation/Console/Kernel.php(198): Symfony/Component/Console/Application->run(Object(Symfony/Component/Console/Input/ArgvInput), Object(Symfony/Component/Console/Output/ConsoleOutput))
#4 C:/xampp/htdocs/laravel/examen_laravel_arm/vendor/laravel/framework/src/Illuminate/Foundation/Application.php(1235): Illuminate/Foundation/Console/Kernel->handle(Object(Symfony/Component/Console/Input/ArgvInput), Object(Symfony/Component/Console/Output/ConsoleOutput))
#5 C:/xampp/htdocs/laravel/examen_laravel_arm/artisan(16): Illuminate/Foundation/Application->handleCommand(Object(Symfony/Component/Console/Input/ArgvInput))
#6 {main}
"} 
[2026-02-02 11:43:49] local.ERROR: There are no commands defined in the "ide-helper" namespace. {"exception":"[object] (Symfony\\Component\\Console\\Exception\\NamespaceNotFoundException(code: 0): There are no commands defined in the \"ide-helper\" namespace. at C:/xampp/htdocs/laravel/examen_laravel_arm/vendor/symfony/console/Application.php:694)
[stacktrace]
#0 C:/xampp/htdocs/laravel/examen_laravel_arm/vendor/symfony/console/Application.php(743): Symfony/Component/Console/Application->findNamespace('ide-helper')
#1 C:/xampp/htdocs/laravel/examen_laravel_arm/vendor/symfony/console/Application.php(298): Symfony/Component/Console/Application->find('ide-helper:mode...')
#2 C:/xampp/htdocs/laravel/examen_laravel_arm/vendor/symfony/console/Application.php(195): Symfony/Component/Console/Application->doRun(Object(Symfony/Component/Console/Input/ArgvInput), Object(Symfony/Component/Console/Output/ConsoleOutput))
#3 C:/xampp/htdocs/laravel/examen_laravel_arm/vendor/laravel/framework/src/Illuminate/Foundation/Console/Kernel.php(198): Symfony/Component/Console/Application->run(Object(Symfony/Component/Console/Input/ArgvInput), Object(Symfony/Component/Console/Output/ConsoleOutput))
#4 C:/xampp/htdocs/laravel/examen_laravel_arm/vendor/laravel/framework/src/Illuminate/Foundation/Application.php(1235): Illuminate/Foundation/Console/Kernel->handle(Object(Symfony/Component/Console/Input/ArgvInput), Object(Symfony/Component/Console/Output/ConsoleOutput))
#5 C:/xampp/htdocs/laravel/examen_laravel_arm/artisan(16): Illuminate/Foundation/Application->handleCommand(Object(Symfony/Component/Console/Input/ArgvInput))
#6 {main}
"} 
[2026-02-02 11:44:13] local.ERROR: There are no commands defined in the "ide-helper" namespace. {"exception":"[object] (Symfony\\Component\\Console\\Exception\\NamespaceNotFoundException(code: 0): There are no commands defined in the \"ide-helper\" namespace. at C:/xampp/htdocs/laravel/examen_laravel_arm/vendor/symfony/console/Application.php:694)
[stacktrace]
#0 C:/xampp/htdocs/laravel/examen_laravel_arm/vendor/symfony/console/Application.php(743): Symfony/Component/Console/Application->findNamespace('ide-helper')
#1 C:/xampp/htdocs/laravel/examen_laravel_arm/vendor/symfony/console/Application.php(298): Symfony/Component/Console/Application->find('ide-helper:gene...')
#2 C:/xampp/htdocs/laravel/examen_laravel_arm/vendor/symfony/console/Application.php(195): Symfony/Component/Console/Application->doRun(Object(Symfony/Component/Console/Input/ArgvInput), Object(Symfony/Component/Console/Output/ConsoleOutput))
#3 C:/xampp/htdocs/laravel/examen_laravel_arm/vendor/laravel/framework/src/Illuminate/Foundation/Console/Kernel.php(198): Symfony/Component/Console/Application->run(Object(Symfony/Component/Console/Input/ArgvInput), Object(Symfony/Component/Console/Output/ConsoleOutput))
#4 C:/xampp/htdocs/laravel/examen_laravel_arm/vendor/laravel/framework/src/Illuminate/Foundation/Application.php(1235): Illuminate/Foundation/Console/Kernel->handle(Object(Symfony/Component/Console/Input/ArgvInput), Object(Symfony/Component/Console/Output/ConsoleOutput))
#5 C:/xampp/htdocs/laravel/examen_laravel_arm/artisan(16): Illuminate/Foundation/Application->handleCommand(Object(Symfony/Component/Console/Input/ArgvInput))
#6 {main}
"} 
[2026-02-02 12:25:17] local.ERROR: There are no commands defined in the "ide-helper" namespace. {"exception":"[object] (Symfony\\Component\\Console\\Exception\\NamespaceNotFoundException(code: 0): There are no commands defined in the \"ide-helper\" namespace. at C:/xampp/htdocs/laravel/examen_laravel_arm/vendor/symfony/console/Application.php:694)
[stacktrace]
#0 C:/xampp/htdocs/laravel/examen_laravel_arm/vendor/symfony/console/Application.php(743): Symfony/Component/Console/Application->findNamespace('ide-helper')
#1 C:/xampp/htdocs/laravel/examen_laravel_arm/vendor/symfony/console/Application.php(298): Symfony/Component/Console/Application->find('ide-helper:gene...')
#2 C:/xampp/htdocs/laravel/examen_laravel_arm/vendor/symfony/console/Application.php(195): Symfony/Component/Console/Application->doRun(Object(Symfony/Component/Console/Input/ArgvInput), Object(Symfony/Component/Console/Output/ConsoleOutput))
#3 C:/xampp/htdocs/laravel/examen_laravel_arm/vendor/laravel/framework/src/Illuminate/Foundation/Console/Kernel.php(198): Symfony/Component/Console/Application->run(Object(Symfony/Component/Console/Input/ArgvInput), Object(Symfony/Component/Console/Output/ConsoleOutput))
#4 C:/xampp/htdocs/laravel/examen_laravel_arm/vendor/laravel/framework/src/Illuminate/Foundation/Application.php(1235): Illuminate/Foundation/Console/Kernel->handle(Object(Symfony/Component/Console/Input/ArgvInput), Object(Symfony/Component/Console/Output/ConsoleOutput))
#5 C:/xampp/htdocs/laravel/examen_laravel_arm/artisan(16): Illuminate/Foundation/Application->handleCommand(Object(Symfony/Component/Console/Input/ArgvInput))
#6 {main}
"} 
[2026-02-02 12:28:31] local.ERROR: require(C:\xampp\htdocs\laravel\examen_laravel_arm\bootstrap/../routes/web.php): Failed to open stream: No such file or directory {"exception":"[object] (ErrorException(code: 0): require(C:\\xampp\\htdocs\\laravel\\examen_laravel_arm\\bootstrap/../routes/web.php): Failed to open stream: No such file or directory at C:/xampp/htdocs/laravel/examen_laravel_arm/vendor/laravel/framework/src/Illuminate/Routing/RouteFileRegistrar.php:34)
[stacktrace]
#0 C:/xampp/htdocs/laravel/examen_laravel_arm/vendor/laravel/framework/src/Illuminate/Foundation/Bootstrap/HandleExceptions.php(258): Illuminate/Foundation/Bootstrap/HandleExceptions->handleError(2, 'require(C://xamp...', 'C://xampp//htdocs...', 34)
#1 C:/xampp/htdocs/laravel/examen_laravel_arm/vendor/laravel/framework/src/Illuminate/Routing/RouteFileRegistrar.php(34): Illuminate/Foundation/Bootstrap/HandleExceptions->Illuminate/Foundation/Bootstrap/{closure}(2, 'require(C://xamp...', 'C://xampp//htdocs...', 34)
#2 C:/xampp/htdocs/laravel/examen_laravel_arm/vendor/laravel/framework/src/Illuminate/Routing/RouteFileRegistrar.php(34): require('C://xampp//htdocs...')
#3 C:/xampp/htdocs/laravel/examen_laravel_arm/vendor/laravel/framework/src/Illuminate/Routing/Router.php(526): Illuminate/Routing/RouteFileRegistrar->register('C://xampp//htdocs...')
#4 C:/xampp/htdocs/laravel/examen_laravel_arm/vendor/laravel/framework/src/Illuminate/Routing/Router.php(480): Illuminate/Routing/Router->loadRoutes('C://xampp//htdocs...')
#5 C:/xampp/htdocs/laravel/examen_laravel_arm/vendor/laravel/framework/src/Illuminate/Routing/RouteRegistrar.php(212): Illuminate/Routing/Router->group(Array, 'C://xampp//htdocs...')
#6 C:/xampp/htdocs/laravel/examen_laravel_arm/vendor/laravel/framework/src/Illuminate/Foundation/Configuration/ApplicationBuilder.php(248): Illuminate/Routing/RouteRegistrar->group('C://xampp//htdocs...')
#7 C:/xampp/htdocs/laravel/examen_laravel_arm/vendor/laravel/framework/src/Illuminate/Container/BoundMethod.php(36): Illuminate/Foundation/Configuration/ApplicationBuilder->Illuminate/Foundation/Configuration/{closure}()
#8 C:/xampp/htdocs/laravel/examen_laravel_arm/vendor/laravel/framework/src/Illuminate/Container/Util.php(43): Illuminate/Container/BoundMethod::Illuminate/Container/{closure}()
#9 C:/xampp/htdocs/laravel/examen_laravel_arm/vendor/laravel/framework/src/Illuminate/Container/BoundMethod.php(84): Illuminate/Container/Util::unwrapIfClosure(Object(Closure))
#10 C:/xampp/htdocs/laravel/examen_laravel_arm/vendor/laravel/framework/src/Illuminate/Container/BoundMethod.php(35): Illuminate/Container/BoundMethod::callBoundMethod(Object(Illuminate/Foundation/Application), Object(Closure), Object(Closure))
#11 C:/xampp/htdocs/laravel/examen_laravel_arm/vendor/laravel/framework/src/Illuminate/Container/Container.php(799): Illuminate/Container/BoundMethod::call(Object(Illuminate/Foundation/Application), Object(Closure), Array, NULL)
#12 C:/xampp/htdocs/laravel/examen_laravel_arm/vendor/laravel/framework/src/Illuminate/Foundation/Support/Providers/RouteServiceProvider.php(162): Illuminate/Container/Container->call(Object(Closure))
#13 C:/xampp/htdocs/laravel/examen_laravel_arm/vendor/laravel/framework/src/Illuminate/Foundation/Support/Providers/RouteServiceProvider.php(59): Illuminate/Foundation/Support/Providers/RouteServiceProvider->loadRoutes()
#14 C:/xampp/htdocs/laravel/examen_laravel_arm/vendor/laravel/framework/src/Illuminate/Container/BoundMethod.php(36): Illuminate/Foundation/Support/Providers/RouteServiceProvider->Illuminate/Foundation/Support/Providers/{closure}()
#15 C:/xampp/htdocs/laravel/examen_laravel_arm/vendor/laravel/framework/src/Illuminate/Container/Util.php(43): Illuminate/Container/BoundMethod::Illuminate/Container/{closure}()
#16 C:/xampp/htdocs/laravel/examen_laravel_arm/vendor/laravel/framework/src/Illuminate/Container/BoundMethod.php(84): Illuminate/Container/Util::unwrapIfClosure(Object(Closure))
#17 C:/xampp/htdocs/laravel/examen_laravel_arm/vendor/laravel/framework/src/Illuminate/Container/BoundMethod.php(35): Illuminate/Container/BoundMethod::callBoundMethod(Object(Illuminate/Foundation/Application), Object(Closure), Object(Closure))
#18 C:/xampp/htdocs/laravel/examen_laravel_arm/vendor/laravel/framework/src/Illuminate/Container/Container.php(799): Illuminate/Container/BoundMethod::call(Object(Illuminate/Foundation/Application), Object(Closure), Array, NULL)
#19 C:/xampp/htdocs/laravel/examen_laravel_arm/vendor/laravel/framework/src/Illuminate/Support/ServiceProvider.php(150): Illuminate/Container/Container->call(Object(Closure))
#20 C:/xampp/htdocs/laravel/examen_laravel_arm/vendor/laravel/framework/src/Illuminate/Foundation/Application.php(1154): Illuminate/Support/ServiceProvider->callBootedCallbacks()
#21 C:/xampp/htdocs/laravel/examen_laravel_arm/vendor/laravel/framework/src/Illuminate/Foundation/Application.php(1132): Illuminate/Foundation/Application->bootProvider(Object(Illuminate/Foundation/Support/Providers/RouteServiceProvider))
#22 [internal function]: Illuminate/Foundation/Application->Illuminate/Foundation/{closure}(Object(Illuminate/Foundation/Support/Providers/RouteServiceProvider), 'Illuminate//Foun...')
#23 C:/xampp/htdocs/laravel/examen_laravel_arm/vendor/laravel/framework/src/Illuminate/Foundation/Application.php(1131): array_walk(Array, Object(Closure))
#24 C:/xampp/htdocs/laravel/examen_laravel_arm/vendor/laravel/framework/src/Illuminate/Foundation/Bootstrap/BootProviders.php(17): Illuminate/Foundation/Application->boot()
#25 C:/xampp/htdocs/laravel/examen_laravel_arm/vendor/laravel/framework/src/Illuminate/Foundation/Application.php(342): Illuminate/Foundation/Bootstrap/BootProviders->bootstrap(Object(Illuminate/Foundation/Application))
#26 C:/xampp/htdocs/laravel/examen_laravel_arm/vendor/laravel/framework/src/Illuminate/Foundation/Console/Kernel.php(494): Illuminate/Foundation/Application->bootstrapWith(Array)
#27 C:/xampp/htdocs/laravel/examen_laravel_arm/vendor/laravel/framework/src/Illuminate/Foundation/Console/Kernel.php(196): Illuminate/Foundation/Console/Kernel->bootstrap()
#28 C:/xampp/htdocs/laravel/examen_laravel_arm/vendor/laravel/framework/src/Illuminate/Foundation/Application.php(1235): Illuminate/Foundation/Console/Kernel->handle(Object(Symfony/Component/Console/Input/ArgvInput), Object(Symfony/Component/Console/Output/ConsoleOutput))
#29 C:/xampp/htdocs/laravel/examen_laravel_arm/artisan(16): Illuminate/Foundation/Application->handleCommand(Object(Symfony/Component/Console/Input/ArgvInput))
#30 {main}
"} 
[2026-02-02 12:28:34] local.ERROR: require(C:\xampp\htdocs\laravel\examen_laravel_arm\bootstrap/../routes/web.php): Failed to open stream: No such file or directory {"exception":"[object] (ErrorException(code: 0): require(C:\\xampp\\htdocs\\laravel\\examen_laravel_arm\\bootstrap/../routes/web.php): Failed to open stream: No such file or directory at C:/xampp/htdocs/laravel/examen_laravel_arm/vendor/laravel/framework/src/Illuminate/Routing/RouteFileRegistrar.php:34)
[stacktrace]
#0 C:/xampp/htdocs/laravel/examen_laravel_arm/vendor/laravel/framework/src/Illuminate/Foundation/Bootstrap/HandleExceptions.php(258): Illuminate/Foundation/Bootstrap/HandleExceptions->handleError(2, 'require(C://xamp...', 'C://xampp//htdocs...', 34)
#1 C:/xampp/htdocs/laravel/examen_laravel_arm/vendor/laravel/framework/src/Illuminate/Routing/RouteFileRegistrar.php(34): Illuminate/Foundation/Bootstrap/HandleExceptions->Illuminate/Foundation/Bootstrap/{closure}(2, 'require(C://xamp...', 'C://xampp//htdocs...', 34)
#2 C:/xampp/htdocs/laravel/examen_laravel_arm/vendor/laravel/framework/src/Illuminate/Routing/RouteFileRegistrar.php(34): require('C://xampp//htdocs...')
#3 C:/xampp/htdocs/laravel/examen_laravel_arm/vendor/laravel/framework/src/Illuminate/Routing/Router.php(526): Illuminate/Routing/RouteFileRegistrar->register('C://xampp//htdocs...')
#4 C:/xampp/htdocs/laravel/examen_laravel_arm/vendor/laravel/framework/src/Illuminate/Routing/Router.php(480): Illuminate/Routing/Router->loadRoutes('C://xampp//htdocs...')
#5 C:/xampp/htdocs/laravel/examen_laravel_arm/vendor/laravel/framework/src/Illuminate/Routing/RouteRegistrar.php(212): Illuminate/Routing/Router->group(Array, 'C://xampp//htdocs...')
#6 C:/xampp/htdocs/laravel/examen_laravel_arm/vendor/laravel/framework/src/Illuminate/Foundation/Configuration/ApplicationBuilder.php(248): Illuminate/Routing/RouteRegistrar->group('C://xampp//htdocs...')
#7 C:/xampp/htdocs/laravel/examen_laravel_arm/vendor/laravel/framework/src/Illuminate/Container/BoundMethod.php(36): Illuminate/Foundation/Configuration/ApplicationBuilder->Illuminate/Foundation/Configuration/{closure}()
#8 C:/xampp/htdocs/laravel/examen_laravel_arm/vendor/laravel/framework/src/Illuminate/Container/Util.php(43): Illuminate/Container/BoundMethod::Illuminate/Container/{closure}()
#9 C:/xampp/htdocs/laravel/examen_laravel_arm/vendor/laravel/framework/src/Illuminate/Container/BoundMethod.php(84): Illuminate/Container/Util::unwrapIfClosure(Object(Closure))
#10 C:/xampp/htdocs/laravel/examen_laravel_arm/vendor/laravel/framework/src/Illuminate/Container/BoundMethod.php(35): Illuminate/Container/BoundMethod::callBoundMethod(Object(Illuminate/Foundation/Application), Object(Closure), Object(Closure))
#11 C:/xampp/htdocs/laravel/examen_laravel_arm/vendor/laravel/framework/src/Illuminate/Container/Container.php(799): Illuminate/Container/BoundMethod::call(Object(Illuminate/Foundation/Application), Object(Closure), Array, NULL)
#12 C:/xampp/htdocs/laravel/examen_laravel_arm/vendor/laravel/framework/src/Illuminate/Foundation/Support/Providers/RouteServiceProvider.php(162): Illuminate/Container/Container->call(Object(Closure))
#13 C:/xampp/htdocs/laravel/examen_laravel_arm/vendor/laravel/framework/src/Illuminate/Foundation/Support/Providers/RouteServiceProvider.php(59): Illuminate/Foundation/Support/Providers/RouteServiceProvider->loadRoutes()
#14 C:/xampp/htdocs/laravel/examen_laravel_arm/vendor/laravel/framework/src/Illuminate/Container/BoundMethod.php(36): Illuminate/Foundation/Support/Providers/RouteServiceProvider->Illuminate/Foundation/Support/Providers/{closure}()
#15 C:/xampp/htdocs/laravel/examen_laravel_arm/vendor/laravel/framework/src/Illuminate/Container/Util.php(43): Illuminate/Container/BoundMethod::Illuminate/Container/{closure}()
#16 C:/xampp/htdocs/laravel/examen_laravel_arm/vendor/laravel/framework/src/Illuminate/Container/BoundMethod.php(84): Illuminate/Container/Util::unwrapIfClosure(Object(Closure))
#17 C:/xampp/htdocs/laravel/examen_laravel_arm/vendor/laravel/framework/src/Illuminate/Container/BoundMethod.php(35): Illuminate/Container/BoundMethod::callBoundMethod(Object(Illuminate/Foundation/Application), Object(Closure), Object(Closure))
#18 C:/xampp/htdocs/laravel/examen_laravel_arm/vendor/laravel/framework/src/Illuminate/Container/Container.php(799): Illuminate/Container/BoundMethod::call(Object(Illuminate/Foundation/Application), Object(Closure), Array, NULL)
#19 C:/xampp/htdocs/laravel/examen_laravel_arm/vendor/laravel/framework/src/Illuminate/Support/ServiceProvider.php(150): Illuminate/Container/Container->call(Object(Closure))
#20 C:/xampp/htdocs/laravel/examen_laravel_arm/vendor/laravel/framework/src/Illuminate/Foundation/Application.php(1154): Illuminate/Support/ServiceProvider->callBootedCallbacks()
#21 C:/xampp/htdocs/laravel/examen_laravel_arm/vendor/laravel/framework/src/Illuminate/Foundation/Application.php(1132): Illuminate/Foundation/Application->bootProvider(Object(Illuminate/Foundation/Support/Providers/RouteServiceProvider))
#22 [internal function]: Illuminate/Foundation/Application->Illuminate/Foundation/{closure}(Object(Illuminate/Foundation/Support/Providers/RouteServiceProvider), 'Illuminate//Foun...')
#23 C:/xampp/htdocs/laravel/examen_laravel_arm/vendor/laravel/framework/src/Illuminate/Foundation/Application.php(1131): array_walk(Array, Object(Closure))
#24 C:/xampp/htdocs/laravel/examen_laravel_arm/vendor/laravel/framework/src/Illuminate/Foundation/Bootstrap/BootProviders.php(17): Illuminate/Foundation/Application->boot()
#25 C:/xampp/htdocs/laravel/examen_laravel_arm/vendor/laravel/framework/src/Illuminate/Foundation/Application.php(342): Illuminate/Foundation/Bootstrap/BootProviders->bootstrap(Object(Illuminate/Foundation/Application))
#26 C:/xampp/htdocs/laravel/examen_laravel_arm/vendor/laravel/framework/src/Illuminate/Foundation/Console/Kernel.php(494): Illuminate/Foundation/Application->bootstrapWith(Array)
#27 C:/xampp/htdocs/laravel/examen_laravel_arm/vendor/laravel/framework/src/Illuminate/Foundation/Console/Kernel.php(196): Illuminate/Foundation/Console/Kernel->bootstrap()
#28 C:/xampp/htdocs/laravel/examen_laravel_arm/vendor/laravel/framework/src/Illuminate/Foundation/Application.php(1235): Illuminate/Foundation/Console/Kernel->handle(Object(Symfony/Component/Console/Input/ArgvInput), Object(Symfony/Component/Console/Output/ConsoleOutput))
#29 C:/xampp/htdocs/laravel/examen_laravel_arm/artisan(16): Illuminate/Foundation/Application->handleCommand(Object(Symfony/Component/Console/Input/ArgvInput))
#30 {main}
"} 
[2026-02-02 12:29:24] local.ERROR: require(C:\xampp\htdocs\laravel\examen_laravel_arm\bootstrap/../routes/web.php): Failed to open stream: No such file or directory {"exception":"[object] (ErrorException(code: 0): require(C:\\xampp\\htdocs\\laravel\\examen_laravel_arm\\bootstrap/../routes/web.php): Failed to open stream: No such file or directory at C:/xampp/htdocs/laravel/examen_laravel_arm/vendor/laravel/framework/src/Illuminate/Routing/RouteFileRegistrar.php:34)
[stacktrace]
#0 C:/xampp/htdocs/laravel/examen_laravel_arm/vendor/laravel/framework/src/Illuminate/Foundation/Bootstrap/HandleExceptions.php(258): Illuminate/Foundation/Bootstrap/HandleExceptions->handleError(2, 'require(C://xamp...', 'C://xampp//htdocs...', 34)
#1 C:/xampp/htdocs/laravel/examen_laravel_arm/vendor/laravel/framework/src/Illuminate/Routing/RouteFileRegistrar.php(34): Illuminate/Foundation/Bootstrap/HandleExceptions->Illuminate/Foundation/Bootstrap/{closure}(2, 'require(C://xamp...', 'C://xampp//htdocs...', 34)
#2 C:/xampp/htdocs/laravel/examen_laravel_arm/vendor/laravel/framework/src/Illuminate/Routing/RouteFileRegistrar.php(34): require('C://xampp//htdocs...')
#3 C:/xampp/htdocs/laravel/examen_laravel_arm/vendor/laravel/framework/src/Illuminate/Routing/Router.php(526): Illuminate/Routing/RouteFileRegistrar->register('C://xampp//htdocs...')
#4 C:/xampp/htdocs/laravel/examen_laravel_arm/vendor/laravel/framework/src/Illuminate/Routing/Router.php(480): Illuminate/Routing/Router->loadRoutes('C://xampp//htdocs...')
#5 C:/xampp/htdocs/laravel/examen_laravel_arm/vendor/laravel/framework/src/Illuminate/Routing/RouteRegistrar.php(212): Illuminate/Routing/Router->group(Array, 'C://xampp//htdocs...')
#6 C:/xampp/htdocs/laravel/examen_laravel_arm/vendor/laravel/framework/src/Illuminate/Foundation/Configuration/ApplicationBuilder.php(248): Illuminate/Routing/RouteRegistrar->group('C://xampp//htdocs...')
#7 C:/xampp/htdocs/laravel/examen_laravel_arm/vendor/laravel/framework/src/Illuminate/Container/BoundMethod.php(36): Illuminate/Foundation/Configuration/ApplicationBuilder->Illuminate/Foundation/Configuration/{closure}()
#8 C:/xampp/htdocs/laravel/examen_laravel_arm/vendor/laravel/framework/src/Illuminate/Container/Util.php(43): Illuminate/Container/BoundMethod::Illuminate/Container/{closure}()
#9 C:/xampp/htdocs/laravel/examen_laravel_arm/vendor/laravel/framework/src/Illuminate/Container/BoundMethod.php(84): Illuminate/Container/Util::unwrapIfClosure(Object(Closure))
#10 C:/xampp/htdocs/laravel/examen_laravel_arm/vendor/laravel/framework/src/Illuminate/Container/BoundMethod.php(35): Illuminate/Container/BoundMethod::callBoundMethod(Object(Illuminate/Foundation/Application), Object(Closure), Object(Closure))
#11 C:/xampp/htdocs/laravel/examen_laravel_arm/vendor/laravel/framework/src/Illuminate/Container/Container.php(799): Illuminate/Container/BoundMethod::call(Object(Illuminate/Foundation/Application), Object(Closure), Array, NULL)
#12 C:/xampp/htdocs/laravel/examen_laravel_arm/vendor/laravel/framework/src/Illuminate/Foundation/Support/Providers/RouteServiceProvider.php(162): Illuminate/Container/Container->call(Object(Closure))
#13 C:/xampp/htdocs/laravel/examen_laravel_arm/vendor/laravel/framework/src/Illuminate/Foundation/Support/Providers/RouteServiceProvider.php(59): Illuminate/Foundation/Support/Providers/RouteServiceProvider->loadRoutes()
#14 C:/xampp/htdocs/laravel/examen_laravel_arm/vendor/laravel/framework/src/Illuminate/Container/BoundMethod.php(36): Illuminate/Foundation/Support/Providers/RouteServiceProvider->Illuminate/Foundation/Support/Providers/{closure}()
#15 C:/xampp/htdocs/laravel/examen_laravel_arm/vendor/laravel/framework/src/Illuminate/Container/Util.php(43): Illuminate/Container/BoundMethod::Illuminate/Container/{closure}()
#16 C:/xampp/htdocs/laravel/examen_laravel_arm/vendor/laravel/framework/src/Illuminate/Container/BoundMethod.php(84): Illuminate/Container/Util::unwrapIfClosure(Object(Closure))
#17 C:/xampp/htdocs/laravel/examen_laravel_arm/vendor/laravel/framework/src/Illuminate/Container/BoundMethod.php(35): Illuminate/Container/BoundMethod::callBoundMethod(Object(Illuminate/Foundation/Application), Object(Closure), Object(Closure))
#18 C:/xampp/htdocs/laravel/examen_laravel_arm/vendor/laravel/framework/src/Illuminate/Container/Container.php(799): Illuminate/Container/BoundMethod::call(Object(Illuminate/Foundation/Application), Object(Closure), Array, NULL)
#19 C:/xampp/htdocs/laravel/examen_laravel_arm/vendor/laravel/framework/src/Illuminate/Support/ServiceProvider.php(150): Illuminate/Container/Container->call(Object(Closure))
#20 C:/xampp/htdocs/laravel/examen_laravel_arm/vendor/laravel/framework/src/Illuminate/Foundation/Application.php(1154): Illuminate/Support/ServiceProvider->callBootedCallbacks()
#21 C:/xampp/htdocs/laravel/examen_laravel_arm/vendor/laravel/framework/src/Illuminate/Foundation/Application.php(1132): Illuminate/Foundation/Application->bootProvider(Object(Illuminate/Foundation/Support/Providers/RouteServiceProvider))
#22 [internal function]: Illuminate/Foundation/Application->Illuminate/Foundation/{closure}(Object(Illuminate/Foundation/Support/Providers/RouteServiceProvider), 'Illuminate//Foun...')
#23 C:/xampp/htdocs/laravel/examen_laravel_arm/vendor/laravel/framework/src/Illuminate/Foundation/Application.php(1131): array_walk(Array, Object(Closure))
#24 C:/xampp/htdocs/laravel/examen_laravel_arm/vendor/laravel/framework/src/Illuminate/Foundation/Bootstrap/BootProviders.php(17): Illuminate/Foundation/Application->boot()
#25 C:/xampp/htdocs/laravel/examen_laravel_arm/vendor/laravel/framework/src/Illuminate/Foundation/Application.php(342): Illuminate/Foundation/Bootstrap/BootProviders->bootstrap(Object(Illuminate/Foundation/Application))
#26 C:/xampp/htdocs/laravel/examen_laravel_arm/vendor/laravel/framework/src/Illuminate/Foundation/Console/Kernel.php(494): Illuminate/Foundation/Application->bootstrapWith(Array)
#27 C:/xampp/htdocs/laravel/examen_laravel_arm/vendor/laravel/framework/src/Illuminate/Foundation/Console/Kernel.php(196): Illuminate/Foundation/Console/Kernel->bootstrap()
#28 C:/xampp/htdocs/laravel/examen_laravel_arm/vendor/laravel/framework/src/Illuminate/Foundation/Application.php(1235): Illuminate/Foundation/Console/Kernel->handle(Object(Symfony/Component/Console/Input/ArgvInput), Object(Symfony/Component/Console/Output/ConsoleOutput))
#29 C:/xampp/htdocs/laravel/examen_laravel_arm/artisan(16): Illuminate/Foundation/Application->handleCommand(Object(Symfony/Component/Console/Input/ArgvInput))
#30 {main}
"} 
[2026-02-02 12:29:30] local.ERROR: require(C:\xampp\htdocs\laravel\examen_laravel_arm\bootstrap/../routes/web.php): Failed to open stream: No such file or directory {"exception":"[object] (ErrorException(code: 0): require(C:\\xampp\\htdocs\\laravel\\examen_laravel_arm\\bootstrap/../routes/web.php): Failed to open stream: No such file or directory at C:/xampp/htdocs/laravel/examen_laravel_arm/vendor/laravel/framework/src/Illuminate/Routing/RouteFileRegistrar.php:34)
[stacktrace]
#0 C:/xampp/htdocs/laravel/examen_laravel_arm/vendor/laravel/framework/src/Illuminate/Foundation/Bootstrap/HandleExceptions.php(258): Illuminate/Foundation/Bootstrap/HandleExceptions->handleError(2, 'require(C://xamp...', 'C://xampp//htdocs...', 34)
#1 C:/xampp/htdocs/laravel/examen_laravel_arm/vendor/laravel/framework/src/Illuminate/Routing/RouteFileRegistrar.php(34): Illuminate/Foundation/Bootstrap/HandleExceptions->Illuminate/Foundation/Bootstrap/{closure}(2, 'require(C://xamp...', 'C://xampp//htdocs...', 34)
#2 C:/xampp/htdocs/laravel/examen_laravel_arm/vendor/laravel/framework/src/Illuminate/Routing/RouteFileRegistrar.php(34): require('C://xampp//htdocs...')
#3 C:/xampp/htdocs/laravel/examen_laravel_arm/vendor/laravel/framework/src/Illuminate/Routing/Router.php(526): Illuminate/Routing/RouteFileRegistrar->register('C://xampp//htdocs...')
#4 C:/xampp/htdocs/laravel/examen_laravel_arm/vendor/laravel/framework/src/Illuminate/Routing/Router.php(480): Illuminate/Routing/Router->loadRoutes('C://xampp//htdocs...')
#5 C:/xampp/htdocs/laravel/examen_laravel_arm/vendor/laravel/framework/src/Illuminate/Routing/RouteRegistrar.php(212): Illuminate/Routing/Router->group(Array, 'C://xampp//htdocs...')
#6 C:/xampp/htdocs/laravel/examen_laravel_arm/vendor/laravel/framework/src/Illuminate/Foundation/Configuration/ApplicationBuilder.php(248): Illuminate/Routing/RouteRegistrar->group('C://xampp//htdocs...')
#7 C:/xampp/htdocs/laravel/examen_laravel_arm/vendor/laravel/framework/src/Illuminate/Container/BoundMethod.php(36): Illuminate/Foundation/Configuration/ApplicationBuilder->Illuminate/Foundation/Configuration/{closure}()
#8 C:/xampp/htdocs/laravel/examen_laravel_arm/vendor/laravel/framework/src/Illuminate/Container/Util.php(43): Illuminate/Container/BoundMethod::Illuminate/Container/{closure}()
#9 C:/xampp/htdocs/laravel/examen_laravel_arm/vendor/laravel/framework/src/Illuminate/Container/BoundMethod.php(84): Illuminate/Container/Util::unwrapIfClosure(Object(Closure))
#10 C:/xampp/htdocs/laravel/examen_laravel_arm/vendor/laravel/framework/src/Illuminate/Container/BoundMethod.php(35): Illuminate/Container/BoundMethod::callBoundMethod(Object(Illuminate/Foundation/Application), Object(Closure), Object(Closure))
#11 C:/xampp/htdocs/laravel/examen_laravel_arm/vendor/laravel/framework/src/Illuminate/Container/Container.php(799): Illuminate/Container/BoundMethod::call(Object(Illuminate/Foundation/Application), Object(Closure), Array, NULL)
#12 C:/xampp/htdocs/laravel/examen_laravel_arm/vendor/laravel/framework/src/Illuminate/Foundation/Support/Providers/RouteServiceProvider.php(162): Illuminate/Container/Container->call(Object(Closure))
#13 C:/xampp/htdocs/laravel/examen_laravel_arm/vendor/laravel/framework/src/Illuminate/Foundation/Support/Providers/RouteServiceProvider.php(59): Illuminate/Foundation/Support/Providers/RouteServiceProvider->loadRoutes()
#14 C:/xampp/htdocs/laravel/examen_laravel_arm/vendor/laravel/framework/src/Illuminate/Container/BoundMethod.php(36): Illuminate/Foundation/Support/Providers/RouteServiceProvider->Illuminate/Foundation/Support/Providers/{closure}()
#15 C:/xampp/htdocs/laravel/examen_laravel_arm/vendor/laravel/framework/src/Illuminate/Container/Util.php(43): Illuminate/Container/BoundMethod::Illuminate/Container/{closure}()
#16 C:/xampp/htdocs/laravel/examen_laravel_arm/vendor/laravel/framework/src/Illuminate/Container/BoundMethod.php(84): Illuminate/Container/Util::unwrapIfClosure(Object(Closure))
#17 C:/xampp/htdocs/laravel/examen_laravel_arm/vendor/laravel/framework/src/Illuminate/Container/BoundMethod.php(35): Illuminate/Container/BoundMethod::callBoundMethod(Object(Illuminate/Foundation/Application), Object(Closure), Object(Closure))
#18 C:/xampp/htdocs/laravel/examen_laravel_arm/vendor/laravel/framework/src/Illuminate/Container/Container.php(799): Illuminate/Container/BoundMethod::call(Object(Illuminate/Foundation/Application), Object(Closure), Array, NULL)
#19 C:/xampp/htdocs/laravel/examen_laravel_arm/vendor/laravel/framework/src/Illuminate/Support/ServiceProvider.php(150): Illuminate/Container/Container->call(Object(Closure))
#20 C:/xampp/htdocs/laravel/examen_laravel_arm/vendor/laravel/framework/src/Illuminate/Foundation/Application.php(1154): Illuminate/Support/ServiceProvider->callBootedCallbacks()
#21 C:/xampp/htdocs/laravel/examen_laravel_arm/vendor/laravel/framework/src/Illuminate/Foundation/Application.php(1132): Illuminate/Foundation/Application->bootProvider(Object(Illuminate/Foundation/Support/Providers/RouteServiceProvider))
#22 [internal function]: Illuminate/Foundation/Application->Illuminate/Foundation/{closure}(Object(Illuminate/Foundation/Support/Providers/RouteServiceProvider), 'Illuminate//Foun...')
#23 C:/xampp/htdocs/laravel/examen_laravel_arm/vendor/laravel/framework/src/Illuminate/Foundation/Application.php(1131): array_walk(Array, Object(Closure))
#24 C:/xampp/htdocs/laravel/examen_laravel_arm/vendor/laravel/framework/src/Illuminate/Foundation/Bootstrap/BootProviders.php(17): Illuminate/Foundation/Application->boot()
#25 C:/xampp/htdocs/laravel/examen_laravel_arm/vendor/laravel/framework/src/Illuminate/Foundation/Application.php(342): Illuminate/Foundation/Bootstrap/BootProviders->bootstrap(Object(Illuminate/Foundation/Application))
#26 C:/xampp/htdocs/laravel/examen_laravel_arm/vendor/laravel/framework/src/Illuminate/Foundation/Console/Kernel.php(494): Illuminate/Foundation/Application->bootstrapWith(Array)
#27 C:/xampp/htdocs/laravel/examen_laravel_arm/vendor/laravel/framework/src/Illuminate/Foundation/Console/Kernel.php(196): Illuminate/Foundation/Console/Kernel->bootstrap()
#28 C:/xampp/htdocs/laravel/examen_laravel_arm/vendor/laravel/framework/src/Illuminate/Foundation/Application.php(1235): Illuminate/Foundation/Console/Kernel->handle(Object(Symfony/Component/Console/Input/ArgvInput), Object(Symfony/Component/Console/Output/ConsoleOutput))
#29 C:/xampp/htdocs/laravel/examen_laravel_arm/artisan(16): Illuminate/Foundation/Application->handleCommand(Object(Symfony/Component/Console/Input/ArgvInput))
#30 {main}
"} 
[2026-02-02 12:29:33] local.ERROR: require(C:\xampp\htdocs\laravel\examen_laravel_arm\bootstrap/../routes/web.php): Failed to open stream: No such file or directory {"exception":"[object] (ErrorException(code: 0): require(C:\\xampp\\htdocs\\laravel\\examen_laravel_arm\\bootstrap/../routes/web.php): Failed to open stream: No such file or directory at C:/xampp/htdocs/laravel/examen_laravel_arm/vendor/laravel/framework/src/Illuminate/Routing/RouteFileRegistrar.php:34)
[stacktrace]
#0 C:/xampp/htdocs/laravel/examen_laravel_arm/vendor/laravel/framework/src/Illuminate/Foundation/Bootstrap/HandleExceptions.php(258): Illuminate/Foundation/Bootstrap/HandleExceptions->handleError(2, 'require(C://xamp...', 'C://xampp//htdocs...', 34)
#1 C:/xampp/htdocs/laravel/examen_laravel_arm/vendor/laravel/framework/src/Illuminate/Routing/RouteFileRegistrar.php(34): Illuminate/Foundation/Bootstrap/HandleExceptions->Illuminate/Foundation/Bootstrap/{closure}(2, 'require(C://xamp...', 'C://xampp//htdocs...', 34)
#2 C:/xampp/htdocs/laravel/examen_laravel_arm/vendor/laravel/framework/src/Illuminate/Routing/RouteFileRegistrar.php(34): require('C://xampp//htdocs...')
#3 C:/xampp/htdocs/laravel/examen_laravel_arm/vendor/laravel/framework/src/Illuminate/Routing/Router.php(526): Illuminate/Routing/RouteFileRegistrar->register('C://xampp//htdocs...')
#4 C:/xampp/htdocs/laravel/examen_laravel_arm/vendor/laravel/framework/src/Illuminate/Routing/Router.php(480): Illuminate/Routing/Router->loadRoutes('C://xampp//htdocs...')
#5 C:/xampp/htdocs/laravel/examen_laravel_arm/vendor/laravel/framework/src/Illuminate/Routing/RouteRegistrar.php(212): Illuminate/Routing/Router->group(Array, 'C://xampp//htdocs...')
#6 C:/xampp/htdocs/laravel/examen_laravel_arm/vendor/laravel/framework/src/Illuminate/Foundation/Configuration/ApplicationBuilder.php(248): Illuminate/Routing/RouteRegistrar->group('C://xampp//htdocs...')
#7 C:/xampp/htdocs/laravel/examen_laravel_arm/vendor/laravel/framework/src/Illuminate/Container/BoundMethod.php(36): Illuminate/Foundation/Configuration/ApplicationBuilder->Illuminate/Foundation/Configuration/{closure}()
#8 C:/xampp/htdocs/laravel/examen_laravel_arm/vendor/laravel/framework/src/Illuminate/Container/Util.php(43): Illuminate/Container/BoundMethod::Illuminate/Container/{closure}()
#9 C:/xampp/htdocs/laravel/examen_laravel_arm/vendor/laravel/framework/src/Illuminate/Container/BoundMethod.php(84): Illuminate/Container/Util::unwrapIfClosure(Object(Closure))
#10 C:/xampp/htdocs/laravel/examen_laravel_arm/vendor/laravel/framework/src/Illuminate/Container/BoundMethod.php(35): Illuminate/Container/BoundMethod::callBoundMethod(Object(Illuminate/Foundation/Application), Object(Closure), Object(Closure))
#11 C:/xampp/htdocs/laravel/examen_laravel_arm/vendor/laravel/framework/src/Illuminate/Container/Container.php(799): Illuminate/Container/BoundMethod::call(Object(Illuminate/Foundation/Application), Object(Closure), Array, NULL)
#12 C:/xampp/htdocs/laravel/examen_laravel_arm/vendor/laravel/framework/src/Illuminate/Foundation/Support/Providers/RouteServiceProvider.php(162): Illuminate/Container/Container->call(Object(Closure))
#13 C:/xampp/htdocs/laravel/examen_laravel_arm/vendor/laravel/framework/src/Illuminate/Foundation/Support/Providers/RouteServiceProvider.php(59): Illuminate/Foundation/Support/Providers/RouteServiceProvider->loadRoutes()
#14 C:/xampp/htdocs/laravel/examen_laravel_arm/vendor/laravel/framework/src/Illuminate/Container/BoundMethod.php(36): Illuminate/Foundation/Support/Providers/RouteServiceProvider->Illuminate/Foundation/Support/Providers/{closure}()
#15 C:/xampp/htdocs/laravel/examen_laravel_arm/vendor/laravel/framework/src/Illuminate/Container/Util.php(43): Illuminate/Container/BoundMethod::Illuminate/Container/{closure}()
#16 C:/xampp/htdocs/laravel/examen_laravel_arm/vendor/laravel/framework/src/Illuminate/Container/BoundMethod.php(84): Illuminate/Container/Util::unwrapIfClosure(Object(Closure))
#17 C:/xampp/htdocs/laravel/examen_laravel_arm/vendor/laravel/framework/src/Illuminate/Container/BoundMethod.php(35): Illuminate/Container/BoundMethod::callBoundMethod(Object(Illuminate/Foundation/Application), Object(Closure), Object(Closure))
#18 C:/xampp/htdocs/laravel/examen_laravel_arm/vendor/laravel/framework/src/Illuminate/Container/Container.php(799): Illuminate/Container/BoundMethod::call(Object(Illuminate/Foundation/Application), Object(Closure), Array, NULL)
#19 C:/xampp/htdocs/laravel/examen_laravel_arm/vendor/laravel/framework/src/Illuminate/Support/ServiceProvider.php(150): Illuminate/Container/Container->call(Object(Closure))
#20 C:/xampp/htdocs/laravel/examen_laravel_arm/vendor/laravel/framework/src/Illuminate/Foundation/Application.php(1154): Illuminate/Support/ServiceProvider->callBootedCallbacks()
#21 C:/xampp/htdocs/laravel/examen_laravel_arm/vendor/laravel/framework/src/Illuminate/Foundation/Application.php(1132): Illuminate/Foundation/Application->bootProvider(Object(Illuminate/Foundation/Support/Providers/RouteServiceProvider))
#22 [internal function]: Illuminate/Foundation/Application->Illuminate/Foundation/{closure}(Object(Illuminate/Foundation/Support/Providers/RouteServiceProvider), 'Illuminate//Foun...')
#23 C:/xampp/htdocs/laravel/examen_laravel_arm/vendor/laravel/framework/src/Illuminate/Foundation/Application.php(1131): array_walk(Array, Object(Closure))
#24 C:/xampp/htdocs/laravel/examen_laravel_arm/vendor/laravel/framework/src/Illuminate/Foundation/Bootstrap/BootProviders.php(17): Illuminate/Foundation/Application->boot()
#25 C:/xampp/htdocs/laravel/examen_laravel_arm/vendor/laravel/framework/src/Illuminate/Foundation/Application.php(342): Illuminate/Foundation/Bootstrap/BootProviders->bootstrap(Object(Illuminate/Foundation/Application))
#26 C:/xampp/htdocs/laravel/examen_laravel_arm/vendor/laravel/framework/src/Illuminate/Foundation/Console/Kernel.php(494): Illuminate/Foundation/Application->bootstrapWith(Array)
#27 C:/xampp/htdocs/laravel/examen_laravel_arm/vendor/laravel/framework/src/Illuminate/Foundation/Console/Kernel.php(196): Illuminate/Foundation/Console/Kernel->bootstrap()
#28 C:/xampp/htdocs/laravel/examen_laravel_arm/vendor/laravel/framework/src/Illuminate/Foundation/Application.php(1235): Illuminate/Foundation/Console/Kernel->handle(Object(Symfony/Component/Console/Input/ArgvInput), Object(Symfony/Component/Console/Output/ConsoleOutput))
#29 C:/xampp/htdocs/laravel/examen_laravel_arm/artisan(16): Illuminate/Foundation/Application->handleCommand(Object(Symfony/Component/Console/Input/ArgvInput))
#30 {main}
"} 
[2026-02-02 12:30:09] local.ERROR: require(C:\xampp\htdocs\laravel\examen_laravel_arm\bootstrap/../routes/web.php): Failed to open stream: No such file or directory {"exception":"[object] (ErrorException(code: 0): require(C:\\xampp\\htdocs\\laravel\\examen_laravel_arm\\bootstrap/../routes/web.php): Failed to open stream: No such file or directory at C:/xampp/htdocs/laravel/examen_laravel_arm/vendor/laravel/framework/src/Illuminate/Routing/RouteFileRegistrar.php:34)
[stacktrace]
#0 C:/xampp/htdocs/laravel/examen_laravel_arm/vendor/laravel/framework/src/Illuminate/Foundation/Bootstrap/HandleExceptions.php(258): Illuminate/Foundation/Bootstrap/HandleExceptions->handleError(2, 'require(C://xamp...', 'C://xampp//htdocs...', 34)
#1 C:/xampp/htdocs/laravel/examen_laravel_arm/vendor/laravel/framework/src/Illuminate/Routing/RouteFileRegistrar.php(34): Illuminate/Foundation/Bootstrap/HandleExceptions->Illuminate/Foundation/Bootstrap/{closure}(2, 'require(C://xamp...', 'C://xampp//htdocs...', 34)
#2 C:/xampp/htdocs/laravel/examen_laravel_arm/vendor/laravel/framework/src/Illuminate/Routing/RouteFileRegistrar.php(34): require('C://xampp//htdocs...')
#3 C:/xampp/htdocs/laravel/examen_laravel_arm/vendor/laravel/framework/src/Illuminate/Routing/Router.php(526): Illuminate/Routing/RouteFileRegistrar->register('C://xampp//htdocs...')
#4 C:/xampp/htdocs/laravel/examen_laravel_arm/vendor/laravel/framework/src/Illuminate/Routing/Router.php(480): Illuminate/Routing/Router->loadRoutes('C://xampp//htdocs...')
#5 C:/xampp/htdocs/laravel/examen_laravel_arm/vendor/laravel/framework/src/Illuminate/Routing/RouteRegistrar.php(212): Illuminate/Routing/Router->group(Array, 'C://xampp//htdocs...')
#6 C:/xampp/htdocs/laravel/examen_laravel_arm/vendor/laravel/framework/src/Illuminate/Foundation/Configuration/ApplicationBuilder.php(248): Illuminate/Routing/RouteRegistrar->group('C://xampp//htdocs...')
#7 C:/xampp/htdocs/laravel/examen_laravel_arm/vendor/laravel/framework/src/Illuminate/Container/BoundMethod.php(36): Illuminate/Foundation/Configuration/ApplicationBuilder->Illuminate/Foundation/Configuration/{closure}()
#8 C:/xampp/htdocs/laravel/examen_laravel_arm/vendor/laravel/framework/src/Illuminate/Container/Util.php(43): Illuminate/Container/BoundMethod::Illuminate/Container/{closure}()
#9 C:/xampp/htdocs/laravel/examen_laravel_arm/vendor/laravel/framework/src/Illuminate/Container/BoundMethod.php(84): Illuminate/Container/Util::unwrapIfClosure(Object(Closure))
#10 C:/xampp/htdocs/laravel/examen_laravel_arm/vendor/laravel/framework/src/Illuminate/Container/BoundMethod.php(35): Illuminate/Container/BoundMethod::callBoundMethod(Object(Illuminate/Foundation/Application), Object(Closure), Object(Closure))
#11 C:/xampp/htdocs/laravel/examen_laravel_arm/vendor/laravel/framework/src/Illuminate/Container/Container.php(799): Illuminate/Container/BoundMethod::call(Object(Illuminate/Foundation/Application), Object(Closure), Array, NULL)
#12 C:/xampp/htdocs/laravel/examen_laravel_arm/vendor/laravel/framework/src/Illuminate/Foundation/Support/Providers/RouteServiceProvider.php(162): Illuminate/Container/Container->call(Object(Closure))
#13 C:/xampp/htdocs/laravel/examen_laravel_arm/vendor/laravel/framework/src/Illuminate/Foundation/Support/Providers/RouteServiceProvider.php(59): Illuminate/Foundation/Support/Providers/RouteServiceProvider->loadRoutes()
#14 C:/xampp/htdocs/laravel/examen_laravel_arm/vendor/laravel/framework/src/Illuminate/Container/BoundMethod.php(36): Illuminate/Foundation/Support/Providers/RouteServiceProvider->Illuminate/Foundation/Support/Providers/{closure}()
#15 C:/xampp/htdocs/laravel/examen_laravel_arm/vendor/laravel/framework/src/Illuminate/Container/Util.php(43): Illuminate/Container/BoundMethod::Illuminate/Container/{closure}()
#16 C:/xampp/htdocs/laravel/examen_laravel_arm/vendor/laravel/framework/src/Illuminate/Container/BoundMethod.php(84): Illuminate/Container/Util::unwrapIfClosure(Object(Closure))
#17 C:/xampp/htdocs/laravel/examen_laravel_arm/vendor/laravel/framework/src/Illuminate/Container/BoundMethod.php(35): Illuminate/Container/BoundMethod::callBoundMethod(Object(Illuminate/Foundation/Application), Object(Closure), Object(Closure))
#18 C:/xampp/htdocs/laravel/examen_laravel_arm/vendor/laravel/framework/src/Illuminate/Container/Container.php(799): Illuminate/Container/BoundMethod::call(Object(Illuminate/Foundation/Application), Object(Closure), Array, NULL)
#19 C:/xampp/htdocs/laravel/examen_laravel_arm/vendor/laravel/framework/src/Illuminate/Support/ServiceProvider.php(150): Illuminate/Container/Container->call(Object(Closure))
#20 C:/xampp/htdocs/laravel/examen_laravel_arm/vendor/laravel/framework/src/Illuminate/Foundation/Application.php(1154): Illuminate/Support/ServiceProvider->callBootedCallbacks()
#21 C:/xampp/htdocs/laravel/examen_laravel_arm/vendor/laravel/framework/src/Illuminate/Foundation/Application.php(1132): Illuminate/Foundation/Application->bootProvider(Object(Illuminate/Foundation/Support/Providers/RouteServiceProvider))
#22 [internal function]: Illuminate/Foundation/Application->Illuminate/Foundation/{closure}(Object(Illuminate/Foundation/Support/Providers/RouteServiceProvider), 'Illuminate//Foun...')
#23 C:/xampp/htdocs/laravel/examen_laravel_arm/vendor/laravel/framework/src/Illuminate/Foundation/Application.php(1131): array_walk(Array, Object(Closure))
#24 C:/xampp/htdocs/laravel/examen_laravel_arm/vendor/laravel/framework/src/Illuminate/Foundation/Bootstrap/BootProviders.php(17): Illuminate/Foundation/Application->boot()
#25 C:/xampp/htdocs/laravel/examen_laravel_arm/vendor/laravel/framework/src/Illuminate/Foundation/Application.php(342): Illuminate/Foundation/Bootstrap/BootProviders->bootstrap(Object(Illuminate/Foundation/Application))
#26 C:/xampp/htdocs/laravel/examen_laravel_arm/vendor/laravel/framework/src/Illuminate/Foundation/Console/Kernel.php(494): Illuminate/Foundation/Application->bootstrapWith(Array)
#27 C:/xampp/htdocs/laravel/examen_laravel_arm/vendor/laravel/framework/src/Illuminate/Foundation/Console/Kernel.php(196): Illuminate/Foundation/Console/Kernel->bootstrap()
#28 C:/xampp/htdocs/laravel/examen_laravel_arm/vendor/laravel/framework/src/Illuminate/Foundation/Application.php(1235): Illuminate/Foundation/Console/Kernel->handle(Object(Symfony/Component/Console/Input/ArgvInput), Object(Symfony/Component/Console/Output/ConsoleOutput))
#29 C:/xampp/htdocs/laravel/examen_laravel_arm/artisan(16): Illuminate/Foundation/Application->handleCommand(Object(Symfony/Component/Console/Input/ArgvInput))
#30 {main}
"} 
[2026-02-02 12:31:29] local.ERROR: SQLSTATE[42S02]: Base table or view not found: 1146 Table 'laravel_examen.products_arm' doesn't exist (Connection: mysql, Host: 127.0.0.1, Port: 3306, Database: laravel_examen, SQL: select * from `products_arm`) {"exception":"[object] (Illuminate\\Database\\QueryException(code: 42S02): SQLSTATE[42S02]: Base table or view not found: 1146 Table 'laravel_examen.products_arm' doesn't exist (Connection: mysql, Host: 127.0.0.1, Port: 3306, Database: laravel_examen, SQL: select * from `products_arm`) at C:/xampp/htdocs/laravel/examen_laravel_arm/vendor/laravel/framework/src/Illuminate/Database/Connection.php:838)
[stacktrace]
#0 C:/xampp/htdocs/laravel/examen_laravel_arm/vendor/laravel/framework/src/Illuminate/Database/Connection.php(794): Illuminate/Database/Connection->runQueryCallback('select * from `...', Array, Object(Closure))
#1 C:/xampp/htdocs/laravel/examen_laravel_arm/vendor/laravel/framework/src/Illuminate/Database/Connection.php(411): Illuminate/Database/Connection->run('select * from `...', Array, Object(Closure))
#2 C:/xampp/htdocs/laravel/examen_laravel_arm/vendor/laravel/framework/src/Illuminate/Database/Query/Builder.php(3389): Illuminate/Database/Connection->select('select * from `...', Array, true)
#3 C:/xampp/htdocs/laravel/examen_laravel_arm/vendor/laravel/framework/src/Illuminate/Database/Query/Builder.php(3374): Illuminate/Database/Query/Builder->runSelect()
#4 C:/xampp/htdocs/laravel/examen_laravel_arm/vendor/laravel/framework/src/Illuminate/Database/Query/Builder.php(3964): Illuminate/Database/Query/Builder->Illuminate/Database/Query/{closure}()
#5 C:/xampp/htdocs/laravel/examen_laravel_arm/vendor/laravel/framework/src/Illuminate/Database/Query/Builder.php(3373): Illuminate/Database/Query/Builder->onceWithColumns(Array, Object(Closure))
#6 C:/xampp/htdocs/laravel/examen_laravel_arm/vendor/laravel/framework/src/Illuminate/Database/Eloquent/Builder.php(902): Illuminate/Database/Query/Builder->get(Array)
#7 C:/xampp/htdocs/laravel/examen_laravel_arm/vendor/laravel/framework/src/Illuminate/Database/Eloquent/Builder.php(884): Illuminate/Database/Eloquent/Builder->getModels(Array)
#8 C:/xampp/htdocs/laravel/examen_laravel_arm/vendor/laravel/framework/src/Illuminate/Database/Eloquent/Model.php(770): Illuminate/Database/Eloquent/Builder->get(Array)
#9 C:/xampp/htdocs/laravel/examen_laravel_arm/app/Http/Controllers/ProductARMController.php(15): Illuminate/Database/Eloquent/Model::all()
#10 C:/xampp/htdocs/laravel/examen_laravel_arm/vendor/laravel/framework/src/Illuminate/Routing/ControllerDispatcher.php(46): App/Http/Controllers/ProductARMController->index()
#11 C:/xampp/htdocs/laravel/examen_laravel_arm/vendor/laravel/framework/src/Illuminate/Routing/Route.php(265): Illuminate/Routing/ControllerDispatcher->dispatch(Object(Illuminate/Routing/Route), Object(App/Http/Controllers/ProductARMController), 'index')
#12 C:/xampp/htdocs/laravel/examen_laravel_arm/vendor/laravel/framework/src/Illuminate/Routing/Route.php(211): Illuminate/Routing/Route->runController()
#13 C:/xampp/htdocs/laravel/examen_laravel_arm/vendor/laravel/framework/src/Illuminate/Routing/Router.php(822): Illuminate/Routing/Route->run()
#14 C:/xampp/htdocs/laravel/examen_laravel_arm/vendor/laravel/framework/src/Illuminate/Pipeline/Pipeline.php(180): Illuminate/Routing/Router->Illuminate/Routing/{closure}(Object(Illuminate/Http/Request))
#15 C:/xampp/htdocs/laravel/examen_laravel_arm/vendor/laravel/framework/src/Illuminate/Routing/Middleware/SubstituteBindings.php(50): Illuminate/Pipeline/Pipeline->Illuminate/Pipeline/{closure}(Object(Illuminate/Http/Request))
#16 C:/xampp/htdocs/laravel/examen_laravel_arm/vendor/laravel/framework/src/Illuminate/Pipeline/Pipeline.php(219): Illuminate/Routing/Middleware/SubstituteBindings->handle(Object(Illuminate/Http/Request), Object(Closure))
#17 C:/xampp/htdocs/laravel/examen_laravel_arm/vendor/laravel/framework/src/Illuminate/Foundation/Http/Middleware/VerifyCsrfToken.php(87): Illuminate/Pipeline/Pipeline->Illuminate/Pipeline/{closure}(Object(Illuminate/Http/Request))
#18 C:/xampp/htdocs/laravel/examen_laravel_arm/vendor/laravel/framework/src/Illuminate/Pipeline/Pipeline.php(219): Illuminate/Foundation/Http/Middleware/VerifyCsrfToken->handle(Object(Illuminate/Http/Request), Object(Closure))
#19 C:/xampp/htdocs/laravel/examen_laravel_arm/vendor/laravel/framework/src/Illuminate/View/Middleware/ShareErrorsFromSession.php(48): Illuminate/Pipeline/Pipeline->Illuminate/Pipeline/{closure}(Object(Illuminate/Http/Request))
#20 C:/xampp/htdocs/laravel/examen_laravel_arm/vendor/laravel/framework/src/Illuminate/Pipeline/Pipeline.php(219): Illuminate/View/Middleware/ShareErrorsFromSession->handle(Object(Illuminate/Http/Request), Object(Closure))
#21 C:/xampp/htdocs/laravel/examen_laravel_arm/vendor/laravel/framework/src/Illuminate/Session/Middleware/StartSession.php(120): Illuminate/Pipeline/Pipeline->Illuminate/Pipeline/{closure}(Object(Illuminate/Http/Request))
#22 C:/xampp/htdocs/laravel/examen_laravel_arm/vendor/laravel/framework/src/Illuminate/Session/Middleware/StartSession.php(63): Illuminate/Session/Middleware/StartSession->handleStatefulRequest(Object(Illuminate/Http/Request), Object(Illuminate/Session/Store), Object(Closure))
#23 C:/xampp/htdocs/laravel/examen_laravel_arm/vendor/laravel/framework/src/Illuminate/Pipeline/Pipeline.php(219): Illuminate/Session/Middleware/StartSession->handle(Object(Illuminate/Http/Request), Object(Closure))
#24 C:/xampp/htdocs/laravel/examen_laravel_arm/vendor/laravel/framework/src/Illuminate/Cookie/Middleware/AddQueuedCookiesToResponse.php(36): Illuminate/Pipeline/Pipeline->Illuminate/Pipeline/{closure}(Object(Illuminate/Http/Request))
#25 C:/xampp/htdocs/laravel/examen_laravel_arm/vendor/laravel/framework/src/Illuminate/Pipeline/Pipeline.php(219): Illuminate/Cookie/Middleware/AddQueuedCookiesToResponse->handle(Object(Illuminate/Http/Request), Object(Closure))
#26 C:/xampp/htdocs/laravel/examen_laravel_arm/vendor/laravel/framework/src/Illuminate/Cookie/Middleware/EncryptCookies.php(74): Illuminate/Pipeline/Pipeline->Illuminate/Pipeline/{closure}(Object(Illuminate/Http/Request))
#27 C:/xampp/htdocs/laravel/examen_laravel_arm/vendor/laravel/framework/src/Illuminate/Pipeline/Pipeline.php(219): Illuminate/Cookie/Middleware/EncryptCookies->handle(Object(Illuminate/Http/Request), Object(Closure))
#28 C:/xampp/htdocs/laravel/examen_laravel_arm/vendor/laravel/framework/src/Illuminate/Pipeline/Pipeline.php(137): Illuminate/Pipeline/Pipeline->Illuminate/Pipeline/{closure}(Object(Illuminate/Http/Request))
#29 C:/xampp/htdocs/laravel/examen_laravel_arm/vendor/laravel/framework/src/Illuminate/Routing/Router.php(821): Illuminate/Pipeline/Pipeline->then(Object(Closure))
#30 C:/xampp/htdocs/laravel/examen_laravel_arm/vendor/laravel/framework/src/Illuminate/Routing/Router.php(800): Illuminate/Routing/Router->runRouteWithinStack(Object(Illuminate/Routing/Route), Object(Illuminate/Http/Request))
#31 C:/xampp/htdocs/laravel/examen_laravel_arm/vendor/laravel/framework/src/Illuminate/Routing/Router.php(764): Illuminate/Routing/Router->runRoute(Object(Illuminate/Http/Request), Object(Illuminate/Routing/Route))
#32 C:/xampp/htdocs/laravel/examen_laravel_arm/vendor/laravel/framework/src/Illuminate/Routing/Router.php(753): Illuminate/Routing/Router->dispatchToRoute(Object(Illuminate/Http/Request))
#33 C:/xampp/htdocs/laravel/examen_laravel_arm/vendor/laravel/framework/src/Illuminate/Foundation/Http/Kernel.php(200): Illuminate/Routing/Router->dispatch(Object(Illuminate/Http/Request))
#34 C:/xampp/htdocs/laravel/examen_laravel_arm/vendor/laravel/framework/src/Illuminate/Pipeline/Pipeline.php(180): Illuminate/Foundation/Http/Kernel->Illuminate/Foundation/Http/{closure}(Object(Illuminate/Http/Request))
#35 C:/xampp/htdocs/laravel/examen_laravel_arm/vendor/laravel/framework/src/Illuminate/Foundation/Http/Middleware/TransformsRequest.php(21): Illuminate/Pipeline/Pipeline->Illuminate/Pipeline/{closure}(Object(Illuminate/Http/Request))
#36 C:/xampp/htdocs/laravel/examen_laravel_arm/vendor/laravel/framework/src/Illuminate/Foundation/Http/Middleware/ConvertEmptyStringsToNull.php(31): Illuminate/Foundation/Http/Middleware/TransformsRequest->handle(Object(Illuminate/Http/Request), Object(Closure))
#37 C:/xampp/htdocs/laravel/examen_laravel_arm/vendor/laravel/framework/src/Illuminate/Pipeline/Pipeline.php(219): Illuminate/Foundation/Http/Middleware/ConvertEmptyStringsToNull->handle(Object(Illuminate/Http/Request), Object(Closure))
#38 C:/xampp/htdocs/laravel/examen_laravel_arm/vendor/laravel/framework/src/Illuminate/Foundation/Http/Middleware/TransformsRequest.php(21): Illuminate/Pipeline/Pipeline->Illuminate/Pipeline/{closure}(Object(Illuminate/Http/Request))
#39 C:/xampp/htdocs/laravel/examen_laravel_arm/vendor/laravel/framework/src/Illuminate/Foundation/Http/Middleware/TrimStrings.php(51): Illuminate/Foundation/Http/Middleware/TransformsRequest->handle(Object(Illuminate/Http/Request), Object(Closure))
#40 C:/xampp/htdocs/laravel/examen_laravel_arm/vendor/laravel/framework/src/Illuminate/Pipeline/Pipeline.php(219): Illuminate/Foundation/Http/Middleware/TrimStrings->handle(Object(Illuminate/Http/Request), Object(Closure))
#41 C:/xampp/htdocs/laravel/examen_laravel_arm/vendor/laravel/framework/src/Illuminate/Http/Middleware/ValidatePostSize.php(27): Illuminate/Pipeline/Pipeline->Illuminate/Pipeline/{closure}(Object(Illuminate/Http/Request))
#42 C:/xampp/htdocs/laravel/examen_laravel_arm/vendor/laravel/framework/src/Illuminate/Pipeline/Pipeline.php(219): Illuminate/Http/Middleware/ValidatePostSize->handle(Object(Illuminate/Http/Request), Object(Closure))
#43 C:/xampp/htdocs/laravel/examen_laravel_arm/vendor/laravel/framework/src/Illuminate/Foundation/Http/Middleware/PreventRequestsDuringMaintenance.php(109): Illuminate/Pipeline/Pipeline->Illuminate/Pipeline/{closure}(Object(Illuminate/Http/Request))
#44 C:/xampp/htdocs/laravel/examen_laravel_arm/vendor/laravel/framework/src/Illuminate/Pipeline/Pipeline.php(219): Illuminate/Foundation/Http/Middleware/PreventRequestsDuringMaintenance->handle(Object(Illuminate/Http/Request), Object(Closure))
#45 C:/xampp/htdocs/laravel/examen_laravel_arm/vendor/laravel/framework/src/Illuminate/Http/Middleware/HandleCors.php(61): Illuminate/Pipeline/Pipeline->Illuminate/Pipeline/{closure}(Object(Illuminate/Http/Request))
#46 C:/xampp/htdocs/laravel/examen_laravel_arm/vendor/laravel/framework/src/Illuminate/Pipeline/Pipeline.php(219): Illuminate/Http/Middleware/HandleCors->handle(Object(Illuminate/Http/Request), Object(Closure))
#47 C:/xampp/htdocs/laravel/examen_laravel_arm/vendor/laravel/framework/src/Illuminate/Http/Middleware/TrustProxies.php(58): Illuminate/Pipeline/Pipeline->Illuminate/Pipeline/{closure}(Object(Illuminate/Http/Request))
#48 C:/xampp/htdocs/laravel/examen_laravel_arm/vendor/laravel/framework/src/Illuminate/Pipeline/Pipeline.php(219): Illuminate/Http/Middleware/TrustProxies->handle(Object(Illuminate/Http/Request), Object(Closure))
#49 C:/xampp/htdocs/laravel/examen_laravel_arm/vendor/laravel/framework/src/Illuminate/Foundation/Http/Middleware/InvokeDeferredCallbacks.php(22): Illuminate/Pipeline/Pipeline->Illuminate/Pipeline/{closure}(Object(Illuminate/Http/Request))
#50 C:/xampp/htdocs/laravel/examen_laravel_arm/vendor/laravel/framework/src/Illuminate/Pipeline/Pipeline.php(219): Illuminate/Foundation/Http/Middleware/InvokeDeferredCallbacks->handle(Object(Illuminate/Http/Request), Object(Closure))
#51 C:/xampp/htdocs/laravel/examen_laravel_arm/vendor/laravel/framework/src/Illuminate/Http/Middleware/ValidatePathEncoding.php(26): Illuminate/Pipeline/Pipeline->Illuminate/Pipeline/{closure}(Object(Illuminate/Http/Request))
#52 C:/xampp/htdocs/laravel/examen_laravel_arm/vendor/laravel/framework/src/Illuminate/Pipeline/Pipeline.php(219): Illuminate/Http/Middleware/ValidatePathEncoding->handle(Object(Illuminate/Http/Request), Object(Closure))
#53 C:/xampp/htdocs/laravel/examen_laravel_arm/vendor/laravel/framework/src/Illuminate/Pipeline/Pipeline.php(137): Illuminate/Pipeline/Pipeline->Illuminate/Pipeline/{closure}(Object(Illuminate/Http/Request))
#54 C:/xampp/htdocs/laravel/examen_laravel_arm/vendor/laravel/framework/src/Illuminate/Foundation/Http/Kernel.php(175): Illuminate/Pipeline/Pipeline->then(Object(Closure))
#55 C:/xampp/htdocs/laravel/examen_laravel_arm/vendor/laravel/framework/src/Illuminate/Foundation/Http/Kernel.php(144): Illuminate/Foundation/Http/Kernel->sendRequestThroughRouter(Object(Illuminate/Http/Request))
#56 C:/xampp/htdocs/laravel/examen_laravel_arm/vendor/laravel/framework/src/Illuminate/Foundation/Application.php(1220): Illuminate/Foundation/Http/Kernel->handle(Object(Illuminate/Http/Request))
#57 C:/xampp/htdocs/laravel/examen_laravel_arm/public/index.php(20): Illuminate/Foundation/Application->handleRequest(Object(Illuminate/Http/Request))
#58 C:/xampp/htdocs/laravel/examen_laravel_arm/vendor/laravel/framework/src/Illuminate/Foundation/resources/server.php(23): require_once('C://xampp//htdocs...')
#59 {main}

[previous exception] [object] (PDOException(code: 42S02): SQLSTATE[42S02]: Base table or view not found: 1146 Table 'laravel_examen.products_arm' doesn't exist at C:/xampp/htdocs/laravel/examen_laravel_arm/vendor/laravel/framework/src/Illuminate/Database/Connection.php:420)
[stacktrace]
#0 C:/xampp/htdocs/laravel/examen_laravel_arm/vendor/laravel/framework/src/Illuminate/Database/Connection.php(420): PDO->prepare('select * from `...')
#1 C:/xampp/htdocs/laravel/examen_laravel_arm/vendor/laravel/framework/src/Illuminate/Database/Connection.php(827): Illuminate/Database/Connection->Illuminate/Database/{closure}('select * from `...', Array)
#2 C:/xampp/htdocs/laravel/examen_laravel_arm/vendor/laravel/framework/src/Illuminate/Database/Connection.php(794): Illuminate/Database/Connection->runQueryCallback('select * from `...', Array, Object(Closure))
#3 C:/xampp/htdocs/laravel/examen_laravel_arm/vendor/laravel/framework/src/Illuminate/Database/Connection.php(411): Illuminate/Database/Connection->run('select * from `...', Array, Object(Closure))
#4 C:/xampp/htdocs/laravel/examen_laravel_arm/vendor/laravel/framework/src/Illuminate/Database/Query/Builder.php(3389): Illuminate/Database/Connection->select('select * from `...', Array, true)
#5 C:/xampp/htdocs/laravel/examen_laravel_arm/vendor/laravel/framework/src/Illuminate/Database/Query/Builder.php(3374): Illuminate/Database/Query/Builder->runSelect()
#6 C:/xampp/htdocs/laravel/examen_laravel_arm/vendor/laravel/framework/src/Illuminate/Database/Query/Builder.php(3964): Illuminate/Database/Query/Builder->Illuminate/Database/Query/{closure}()
#7 C:/xampp/htdocs/laravel/examen_laravel_arm/vendor/laravel/framework/src/Illuminate/Database/Query/Builder.php(3373): Illuminate/Database/Query/Builder->onceWithColumns(Array, Object(Closure))
#8 C:/xampp/htdocs/laravel/examen_laravel_arm/vendor/laravel/framework/src/Illuminate/Database/Eloquent/Builder.php(902): Illuminate/Database/Query/Builder->get(Array)
#9 C:/xampp/htdocs/laravel/examen_laravel_arm/vendor/laravel/framework/src/Illuminate/Database/Eloquent/Builder.php(884): Illuminate/Database/Eloquent/Builder->getModels(Array)
#10 C:/xampp/htdocs/laravel/examen_laravel_arm/vendor/laravel/framework/src/Illuminate/Database/Eloquent/Model.php(770): Illuminate/Database/Eloquent/Builder->get(Array)
#11 C:/xampp/htdocs/laravel/examen_laravel_arm/app/Http/Controllers/ProductARMController.php(15): Illuminate/Database/Eloquent/Model::all()
#12 C:/xampp/htdocs/laravel/examen_laravel_arm/vendor/laravel/framework/src/Illuminate/Routing/ControllerDispatcher.php(46): App/Http/Controllers/ProductARMController->index()
#13 C:/xampp/htdocs/laravel/examen_laravel_arm/vendor/laravel/framework/src/Illuminate/Routing/Route.php(265): Illuminate/Routing/ControllerDispatcher->dispatch(Object(Illuminate/Routing/Route), Object(App/Http/Controllers/ProductARMController), 'index')
#14 C:/xampp/htdocs/laravel/examen_laravel_arm/vendor/laravel/framework/src/Illuminate/Routing/Route.php(211): Illuminate/Routing/Route->runController()
#15 C:/xampp/htdocs/laravel/examen_laravel_arm/vendor/laravel/framework/src/Illuminate/Routing/Router.php(822): Illuminate/Routing/Route->run()
#16 C:/xampp/htdocs/laravel/examen_laravel_arm/vendor/laravel/framework/src/Illuminate/Pipeline/Pipeline.php(180): Illuminate/Routing/Router->Illuminate/Routing/{closure}(Object(Illuminate/Http/Request))
#17 C:/xampp/htdocs/laravel/examen_laravel_arm/vendor/laravel/framework/src/Illuminate/Routing/Middleware/SubstituteBindings.php(50): Illuminate/Pipeline/Pipeline->Illuminate/Pipeline/{closure}(Object(Illuminate/Http/Request))
#18 C:/xampp/htdocs/laravel/examen_laravel_arm/vendor/laravel/framework/src/Illuminate/Pipeline/Pipeline.php(219): Illuminate/Routing/Middleware/SubstituteBindings->handle(Object(Illuminate/Http/Request), Object(Closure))
#19 C:/xampp/htdocs/laravel/examen_laravel_arm/vendor/laravel/framework/src/Illuminate/Foundation/Http/Middleware/VerifyCsrfToken.php(87): Illuminate/Pipeline/Pipeline->Illuminate/Pipeline/{closure}(Object(Illuminate/Http/Request))
#20 C:/xampp/htdocs/laravel/examen_laravel_arm/vendor/laravel/framework/src/Illuminate/Pipeline/Pipeline.php(219): Illuminate/Foundation/Http/Middleware/VerifyCsrfToken->handle(Object(Illuminate/Http/Request), Object(Closure))
#21 C:/xampp/htdocs/laravel/examen_laravel_arm/vendor/laravel/framework/src/Illuminate/View/Middleware/ShareErrorsFromSession.php(48): Illuminate/Pipeline/Pipeline->Illuminate/Pipeline/{closure}(Object(Illuminate/Http/Request))
#22 C:/xampp/htdocs/laravel/examen_laravel_arm/vendor/laravel/framework/src/Illuminate/Pipeline/Pipeline.php(219): Illuminate/View/Middleware/ShareErrorsFromSession->handle(Object(Illuminate/Http/Request), Object(Closure))
#23 C:/xampp/htdocs/laravel/examen_laravel_arm/vendor/laravel/framework/src/Illuminate/Session/Middleware/StartSession.php(120): Illuminate/Pipeline/Pipeline->Illuminate/Pipeline/{closure}(Object(Illuminate/Http/Request))
#24 C:/xampp/htdocs/laravel/examen_laravel_arm/vendor/laravel/framework/src/Illuminate/Session/Middleware/StartSession.php(63): Illuminate/Session/Middleware/StartSession->handleStatefulRequest(Object(Illuminate/Http/Request), Object(Illuminate/Session/Store), Object(Closure))
#25 C:/xampp/htdocs/laravel/examen_laravel_arm/vendor/laravel/framework/src/Illuminate/Pipeline/Pipeline.php(219): Illuminate/Session/Middleware/StartSession->handle(Object(Illuminate/Http/Request), Object(Closure))
#26 C:/xampp/htdocs/laravel/examen_laravel_arm/vendor/laravel/framework/src/Illuminate/Cookie/Middleware/AddQueuedCookiesToResponse.php(36): Illuminate/Pipeline/Pipeline->Illuminate/Pipeline/{closure}(Object(Illuminate/Http/Request))
#27 C:/xampp/htdocs/laravel/examen_laravel_arm/vendor/laravel/framework/src/Illuminate/Pipeline/Pipeline.php(219): Illuminate/Cookie/Middleware/AddQueuedCookiesToResponse->handle(Object(Illuminate/Http/Request), Object(Closure))
#28 C:/xampp/htdocs/laravel/examen_laravel_arm/vendor/laravel/framework/src/Illuminate/Cookie/Middleware/EncryptCookies.php(74): Illuminate/Pipeline/Pipeline->Illuminate/Pipeline/{closure}(Object(Illuminate/Http/Request))
#29 C:/xampp/htdocs/laravel/examen_laravel_arm/vendor/laravel/framework/src/Illuminate/Pipeline/Pipeline.php(219): Illuminate/Cookie/Middleware/EncryptCookies->handle(Object(Illuminate/Http/Request), Object(Closure))
#30 C:/xampp/htdocs/laravel/examen_laravel_arm/vendor/laravel/framework/src/Illuminate/Pipeline/Pipeline.php(137): Illuminate/Pipeline/Pipeline->Illuminate/Pipeline/{closure}(Object(Illuminate/Http/Request))
#31 C:/xampp/htdocs/laravel/examen_laravel_arm/vendor/laravel/framework/src/Illuminate/Routing/Router.php(821): Illuminate/Pipeline/Pipeline->then(Object(Closure))
#32 C:/xampp/htdocs/laravel/examen_laravel_arm/vendor/laravel/framework/src/Illuminate/Routing/Router.php(800): Illuminate/Routing/Router->runRouteWithinStack(Object(Illuminate/Routing/Route), Object(Illuminate/Http/Request))
#33 C:/xampp/htdocs/laravel/examen_laravel_arm/vendor/laravel/framework/src/Illuminate/Routing/Router.php(764): Illuminate/Routing/Router->runRoute(Object(Illuminate/Http/Request), Object(Illuminate/Routing/Route))
#34 C:/xampp/htdocs/laravel/examen_laravel_arm/vendor/laravel/framework/src/Illuminate/Routing/Router.php(753): Illuminate/Routing/Router->dispatchToRoute(Object(Illuminate/Http/Request))
#35 C:/xampp/htdocs/laravel/examen_laravel_arm/vendor/laravel/framework/src/Illuminate/Foundation/Http/Kernel.php(200): Illuminate/Routing/Router->dispatch(Object(Illuminate/Http/Request))
#36 C:/xampp/htdocs/laravel/examen_laravel_arm/vendor/laravel/framework/src/Illuminate/Pipeline/Pipeline.php(180): Illuminate/Foundation/Http/Kernel->Illuminate/Foundation/Http/{closure}(Object(Illuminate/Http/Request))
#37 C:/xampp/htdocs/laravel/examen_laravel_arm/vendor/laravel/framework/src/Illuminate/Foundation/Http/Middleware/TransformsRequest.php(21): Illuminate/Pipeline/Pipeline->Illuminate/Pipeline/{closure}(Object(Illuminate/Http/Request))
#38 C:/xampp/htdocs/laravel/examen_laravel_arm/vendor/laravel/framework/src/Illuminate/Foundation/Http/Middleware/ConvertEmptyStringsToNull.php(31): Illuminate/Foundation/Http/Middleware/TransformsRequest->handle(Object(Illuminate/Http/Request), Object(Closure))
#39 C:/xampp/htdocs/laravel/examen_laravel_arm/vendor/laravel/framework/src/Illuminate/Pipeline/Pipeline.php(219): Illuminate/Foundation/Http/Middleware/ConvertEmptyStringsToNull->handle(Object(Illuminate/Http/Request), Object(Closure))
#40 C:/xampp/htdocs/laravel/examen_laravel_arm/vendor/laravel/framework/src/Illuminate/Foundation/Http/Middleware/TransformsRequest.php(21): Illuminate/Pipeline/Pipeline->Illuminate/Pipeline/{closure}(Object(Illuminate/Http/Request))
#41 C:/xampp/htdocs/laravel/examen_laravel_arm/vendor/laravel/framework/src/Illuminate/Foundation/Http/Middleware/TrimStrings.php(51): Illuminate/Foundation/Http/Middleware/TransformsRequest->handle(Object(Illuminate/Http/Request), Object(Closure))
#42 C:/xampp/htdocs/laravel/examen_laravel_arm/vendor/laravel/framework/src/Illuminate/Pipeline/Pipeline.php(219): Illuminate/Foundation/Http/Middleware/TrimStrings->handle(Object(Illuminate/Http/Request), Object(Closure))
#43 C:/xampp/htdocs/laravel/examen_laravel_arm/vendor/laravel/framework/src/Illuminate/Http/Middleware/ValidatePostSize.php(27): Illuminate/Pipeline/Pipeline->Illuminate/Pipeline/{closure}(Object(Illuminate/Http/Request))
#44 C:/xampp/htdocs/laravel/examen_laravel_arm/vendor/laravel/framework/src/Illuminate/Pipeline/Pipeline.php(219): Illuminate/Http/Middleware/ValidatePostSize->handle(Object(Illuminate/Http/Request), Object(Closure))
#45 C:/xampp/htdocs/laravel/examen_laravel_arm/vendor/laravel/framework/src/Illuminate/Foundation/Http/Middleware/PreventRequestsDuringMaintenance.php(109): Illuminate/Pipeline/Pipeline->Illuminate/Pipeline/{closure}(Object(Illuminate/Http/Request))
#46 C:/xampp/htdocs/laravel/examen_laravel_arm/vendor/laravel/framework/src/Illuminate/Pipeline/Pipeline.php(219): Illuminate/Foundation/Http/Middleware/PreventRequestsDuringMaintenance->handle(Object(Illuminate/Http/Request), Object(Closure))
#47 C:/xampp/htdocs/laravel/examen_laravel_arm/vendor/laravel/framework/src/Illuminate/Http/Middleware/HandleCors.php(61): Illuminate/Pipeline/Pipeline->Illuminate/Pipeline/{closure}(Object(Illuminate/Http/Request))
#48 C:/xampp/htdocs/laravel/examen_laravel_arm/vendor/laravel/framework/src/Illuminate/Pipeline/Pipeline.php(219): Illuminate/Http/Middleware/HandleCors->handle(Object(Illuminate/Http/Request), Object(Closure))
#49 C:/xampp/htdocs/laravel/examen_laravel_arm/vendor/laravel/framework/src/Illuminate/Http/Middleware/TrustProxies.php(58): Illuminate/Pipeline/Pipeline->Illuminate/Pipeline/{closure}(Object(Illuminate/Http/Request))
#50 C:/xampp/htdocs/laravel/examen_laravel_arm/vendor/laravel/framework/src/Illuminate/Pipeline/Pipeline.php(219): Illuminate/Http/Middleware/TrustProxies->handle(Object(Illuminate/Http/Request), Object(Closure))
#51 C:/xampp/htdocs/laravel/examen_laravel_arm/vendor/laravel/framework/src/Illuminate/Foundation/Http/Middleware/InvokeDeferredCallbacks.php(22): Illuminate/Pipeline/Pipeline->Illuminate/Pipeline/{closure}(Object(Illuminate/Http/Request))
#52 C:/xampp/htdocs/laravel/examen_laravel_arm/vendor/laravel/framework/src/Illuminate/Pipeline/Pipeline.php(219): Illuminate/Foundation/Http/Middleware/InvokeDeferredCallbacks->handle(Object(Illuminate/Http/Request), Object(Closure))
#53 C:/xampp/htdocs/laravel/examen_laravel_arm/vendor/laravel/framework/src/Illuminate/Http/Middleware/ValidatePathEncoding.php(26): Illuminate/Pipeline/Pipeline->Illuminate/Pipeline/{closure}(Object(Illuminate/Http/Request))
#54 C:/xampp/htdocs/laravel/examen_laravel_arm/vendor/laravel/framework/src/Illuminate/Pipeline/Pipeline.php(219): Illuminate/Http/Middleware/ValidatePathEncoding->handle(Object(Illuminate/Http/Request), Object(Closure))
#55 C:/xampp/htdocs/laravel/examen_laravel_arm/vendor/laravel/framework/src/Illuminate/Pipeline/Pipeline.php(137): Illuminate/Pipeline/Pipeline->Illuminate/Pipeline/{closure}(Object(Illuminate/Http/Request))
#56 C:/xampp/htdocs/laravel/examen_laravel_arm/vendor/laravel/framework/src/Illuminate/Foundation/Http/Kernel.php(175): Illuminate/Pipeline/Pipeline->then(Object(Closure))
#57 C:/xampp/htdocs/laravel/examen_laravel_arm/vendor/laravel/framework/src/Illuminate/Foundation/Http/Kernel.php(144): Illuminate/Foundation/Http/Kernel->sendRequestThroughRouter(Object(Illuminate/Http/Request))
#58 C:/xampp/htdocs/laravel/examen_laravel_arm/vendor/laravel/framework/src/Illuminate/Foundation/Application.php(1220): Illuminate/Foundation/Http/Kernel->handle(Object(Illuminate/Http/Request))
#59 C:/xampp/htdocs/laravel/examen_laravel_arm/public/index.php(20): Illuminate/Foundation/Application->handleRequest(Object(Illuminate/Http/Request))
#60 C:/xampp/htdocs/laravel/examen_laravel_arm/vendor/laravel/framework/src/Illuminate/Foundation/resources/server.php(23): require_once('C://xampp//htdocs...')
#61 {main}
"} 
[2026-02-02 12:31:46] local.ERROR: SQLSTATE[42S02]: Base table or view not found: 1146 Table 'laravel_examen.products_arm' doesn't exist (Connection: mysql, Host: 127.0.0.1, Port: 3306, Database: laravel_examen, SQL: select * from `products_arm`) {"exception":"[object] (Illuminate\\Database\\QueryException(code: 42S02): SQLSTATE[42S02]: Base table or view not found: 1146 Table 'laravel_examen.products_arm' doesn't exist (Connection: mysql, Host: 127.0.0.1, Port: 3306, Database: laravel_examen, SQL: select * from `products_arm`) at C:/xampp/htdocs/laravel/examen_laravel_arm/vendor/laravel/framework/src/Illuminate/Database/Connection.php:838)
[stacktrace]
#0 C:/xampp/htdocs/laravel/examen_laravel_arm/vendor/laravel/framework/src/Illuminate/Database/Connection.php(794): Illuminate/Database/Connection->runQueryCallback('select * from `...', Array, Object(Closure))
#1 C:/xampp/htdocs/laravel/examen_laravel_arm/vendor/laravel/framework/src/Illuminate/Database/Connection.php(411): Illuminate/Database/Connection->run('select * from `...', Array, Object(Closure))
#2 C:/xampp/htdocs/laravel/examen_laravel_arm/vendor/laravel/framework/src/Illuminate/Database/Query/Builder.php(3389): Illuminate/Database/Connection->select('select * from `...', Array, true)
#3 C:/xampp/htdocs/laravel/examen_laravel_arm/vendor/laravel/framework/src/Illuminate/Database/Query/Builder.php(3374): Illuminate/Database/Query/Builder->runSelect()
#4 C:/xampp/htdocs/laravel/examen_laravel_arm/vendor/laravel/framework/src/Illuminate/Database/Query/Builder.php(3964): Illuminate/Database/Query/Builder->Illuminate/Database/Query/{closure}()
#5 C:/xampp/htdocs/laravel/examen_laravel_arm/vendor/laravel/framework/src/Illuminate/Database/Query/Builder.php(3373): Illuminate/Database/Query/Builder->onceWithColumns(Array, Object(Closure))
#6 C:/xampp/htdocs/laravel/examen_laravel_arm/vendor/laravel/framework/src/Illuminate/Database/Eloquent/Builder.php(902): Illuminate/Database/Query/Builder->get(Array)
#7 C:/xampp/htdocs/laravel/examen_laravel_arm/vendor/laravel/framework/src/Illuminate/Database/Eloquent/Builder.php(884): Illuminate/Database/Eloquent/Builder->getModels(Array)
#8 C:/xampp/htdocs/laravel/examen_laravel_arm/vendor/laravel/framework/src/Illuminate/Database/Eloquent/Model.php(770): Illuminate/Database/Eloquent/Builder->get(Array)
#9 C:/xampp/htdocs/laravel/examen_laravel_arm/app/Http/Controllers/ProductARMController.php(15): Illuminate/Database/Eloquent/Model::all()
#10 C:/xampp/htdocs/laravel/examen_laravel_arm/vendor/laravel/framework/src/Illuminate/Routing/ControllerDispatcher.php(46): App/Http/Controllers/ProductARMController->index()
#11 C:/xampp/htdocs/laravel/examen_laravel_arm/vendor/laravel/framework/src/Illuminate/Routing/Route.php(265): Illuminate/Routing/ControllerDispatcher->dispatch(Object(Illuminate/Routing/Route), Object(App/Http/Controllers/ProductARMController), 'index')
#12 C:/xampp/htdocs/laravel/examen_laravel_arm/vendor/laravel/framework/src/Illuminate/Routing/Route.php(211): Illuminate/Routing/Route->runController()
#13 C:/xampp/htdocs/laravel/examen_laravel_arm/vendor/laravel/framework/src/Illuminate/Routing/Router.php(822): Illuminate/Routing/Route->run()
#14 C:/xampp/htdocs/laravel/examen_laravel_arm/vendor/laravel/framework/src/Illuminate/Pipeline/Pipeline.php(180): Illuminate/Routing/Router->Illuminate/Routing/{closure}(Object(Illuminate/Http/Request))
#15 C:/xampp/htdocs/laravel/examen_laravel_arm/vendor/laravel/framework/src/Illuminate/Routing/Middleware/SubstituteBindings.php(50): Illuminate/Pipeline/Pipeline->Illuminate/Pipeline/{closure}(Object(Illuminate/Http/Request))
#16 C:/xampp/htdocs/laravel/examen_laravel_arm/vendor/laravel/framework/src/Illuminate/Pipeline/Pipeline.php(219): Illuminate/Routing/Middleware/SubstituteBindings->handle(Object(Illuminate/Http/Request), Object(Closure))
#17 C:/xampp/htdocs/laravel/examen_laravel_arm/vendor/laravel/framework/src/Illuminate/Foundation/Http/Middleware/VerifyCsrfToken.php(87): Illuminate/Pipeline/Pipeline->Illuminate/Pipeline/{closure}(Object(Illuminate/Http/Request))
#18 C:/xampp/htdocs/laravel/examen_laravel_arm/vendor/laravel/framework/src/Illuminate/Pipeline/Pipeline.php(219): Illuminate/Foundation/Http/Middleware/VerifyCsrfToken->handle(Object(Illuminate/Http/Request), Object(Closure))
#19 C:/xampp/htdocs/laravel/examen_laravel_arm/vendor/laravel/framework/src/Illuminate/View/Middleware/ShareErrorsFromSession.php(48): Illuminate/Pipeline/Pipeline->Illuminate/Pipeline/{closure}(Object(Illuminate/Http/Request))
#20 C:/xampp/htdocs/laravel/examen_laravel_arm/vendor/laravel/framework/src/Illuminate/Pipeline/Pipeline.php(219): Illuminate/View/Middleware/ShareErrorsFromSession->handle(Object(Illuminate/Http/Request), Object(Closure))
#21 C:/xampp/htdocs/laravel/examen_laravel_arm/vendor/laravel/framework/src/Illuminate/Session/Middleware/StartSession.php(120): Illuminate/Pipeline/Pipeline->Illuminate/Pipeline/{closure}(Object(Illuminate/Http/Request))
#22 C:/xampp/htdocs/laravel/examen_laravel_arm/vendor/laravel/framework/src/Illuminate/Session/Middleware/StartSession.php(63): Illuminate/Session/Middleware/StartSession->handleStatefulRequest(Object(Illuminate/Http/Request), Object(Illuminate/Session/Store), Object(Closure))
#23 C:/xampp/htdocs/laravel/examen_laravel_arm/vendor/laravel/framework/src/Illuminate/Pipeline/Pipeline.php(219): Illuminate/Session/Middleware/StartSession->handle(Object(Illuminate/Http/Request), Object(Closure))
#24 C:/xampp/htdocs/laravel/examen_laravel_arm/vendor/laravel/framework/src/Illuminate/Cookie/Middleware/AddQueuedCookiesToResponse.php(36): Illuminate/Pipeline/Pipeline->Illuminate/Pipeline/{closure}(Object(Illuminate/Http/Request))
#25 C:/xampp/htdocs/laravel/examen_laravel_arm/vendor/laravel/framework/src/Illuminate/Pipeline/Pipeline.php(219): Illuminate/Cookie/Middleware/AddQueuedCookiesToResponse->handle(Object(Illuminate/Http/Request), Object(Closure))
#26 C:/xampp/htdocs/laravel/examen_laravel_arm/vendor/laravel/framework/src/Illuminate/Cookie/Middleware/EncryptCookies.php(74): Illuminate/Pipeline/Pipeline->Illuminate/Pipeline/{closure}(Object(Illuminate/Http/Request))
#27 C:/xampp/htdocs/laravel/examen_laravel_arm/vendor/laravel/framework/src/Illuminate/Pipeline/Pipeline.php(219): Illuminate/Cookie/Middleware/EncryptCookies->handle(Object(Illuminate/Http/Request), Object(Closure))
#28 C:/xampp/htdocs/laravel/examen_laravel_arm/vendor/laravel/framework/src/Illuminate/Pipeline/Pipeline.php(137): Illuminate/Pipeline/Pipeline->Illuminate/Pipeline/{closure}(Object(Illuminate/Http/Request))
#29 C:/xampp/htdocs/laravel/examen_laravel_arm/vendor/laravel/framework/src/Illuminate/Routing/Router.php(821): Illuminate/Pipeline/Pipeline->then(Object(Closure))
#30 C:/xampp/htdocs/laravel/examen_laravel_arm/vendor/laravel/framework/src/Illuminate/Routing/Router.php(800): Illuminate/Routing/Router->runRouteWithinStack(Object(Illuminate/Routing/Route), Object(Illuminate/Http/Request))
#31 C:/xampp/htdocs/laravel/examen_laravel_arm/vendor/laravel/framework/src/Illuminate/Routing/Router.php(764): Illuminate/Routing/Router->runRoute(Object(Illuminate/Http/Request), Object(Illuminate/Routing/Route))
#32 C:/xampp/htdocs/laravel/examen_laravel_arm/vendor/laravel/framework/src/Illuminate/Routing/Router.php(753): Illuminate/Routing/Router->dispatchToRoute(Object(Illuminate/Http/Request))
#33 C:/xampp/htdocs/laravel/examen_laravel_arm/vendor/laravel/framework/src/Illuminate/Foundation/Http/Kernel.php(200): Illuminate/Routing/Router->dispatch(Object(Illuminate/Http/Request))
#34 C:/xampp/htdocs/laravel/examen_laravel_arm/vendor/laravel/framework/src/Illuminate/Pipeline/Pipeline.php(180): Illuminate/Foundation/Http/Kernel->Illuminate/Foundation/Http/{closure}(Object(Illuminate/Http/Request))
#35 C:/xampp/htdocs/laravel/examen_laravel_arm/vendor/laravel/framework/src/Illuminate/Foundation/Http/Middleware/TransformsRequest.php(21): Illuminate/Pipeline/Pipeline->Illuminate/Pipeline/{closure}(Object(Illuminate/Http/Request))
#36 C:/xampp/htdocs/laravel/examen_laravel_arm/vendor/laravel/framework/src/Illuminate/Foundation/Http/Middleware/ConvertEmptyStringsToNull.php(31): Illuminate/Foundation/Http/Middleware/TransformsRequest->handle(Object(Illuminate/Http/Request), Object(Closure))
#37 C:/xampp/htdocs/laravel/examen_laravel_arm/vendor/laravel/framework/src/Illuminate/Pipeline/Pipeline.php(219): Illuminate/Foundation/Http/Middleware/ConvertEmptyStringsToNull->handle(Object(Illuminate/Http/Request), Object(Closure))
#38 C:/xampp/htdocs/laravel/examen_laravel_arm/vendor/laravel/framework/src/Illuminate/Foundation/Http/Middleware/TransformsRequest.php(21): Illuminate/Pipeline/Pipeline->Illuminate/Pipeline/{closure}(Object(Illuminate/Http/Request))
#39 C:/xampp/htdocs/laravel/examen_laravel_arm/vendor/laravel/framework/src/Illuminate/Foundation/Http/Middleware/TrimStrings.php(51): Illuminate/Foundation/Http/Middleware/TransformsRequest->handle(Object(Illuminate/Http/Request), Object(Closure))
#40 C:/xampp/htdocs/laravel/examen_laravel_arm/vendor/laravel/framework/src/Illuminate/Pipeline/Pipeline.php(219): Illuminate/Foundation/Http/Middleware/TrimStrings->handle(Object(Illuminate/Http/Request), Object(Closure))
#41 C:/xampp/htdocs/laravel/examen_laravel_arm/vendor/laravel/framework/src/Illuminate/Http/Middleware/ValidatePostSize.php(27): Illuminate/Pipeline/Pipeline->Illuminate/Pipeline/{closure}(Object(Illuminate/Http/Request))
#42 C:/xampp/htdocs/laravel/examen_laravel_arm/vendor/laravel/framework/src/Illuminate/Pipeline/Pipeline.php(219): Illuminate/Http/Middleware/ValidatePostSize->handle(Object(Illuminate/Http/Request), Object(Closure))
#43 C:/xampp/htdocs/laravel/examen_laravel_arm/vendor/laravel/framework/src/Illuminate/Foundation/Http/Middleware/PreventRequestsDuringMaintenance.php(109): Illuminate/Pipeline/Pipeline->Illuminate/Pipeline/{closure}(Object(Illuminate/Http/Request))
#44 C:/xampp/htdocs/laravel/examen_laravel_arm/vendor/laravel/framework/src/Illuminate/Pipeline/Pipeline.php(219): Illuminate/Foundation/Http/Middleware/PreventRequestsDuringMaintenance->handle(Object(Illuminate/Http/Request), Object(Closure))
#45 C:/xampp/htdocs/laravel/examen_laravel_arm/vendor/laravel/framework/src/Illuminate/Http/Middleware/HandleCors.php(61): Illuminate/Pipeline/Pipeline->Illuminate/Pipeline/{closure}(Object(Illuminate/Http/Request))
#46 C:/xampp/htdocs/laravel/examen_laravel_arm/vendor/laravel/framework/src/Illuminate/Pipeline/Pipeline.php(219): Illuminate/Http/Middleware/HandleCors->handle(Object(Illuminate/Http/Request), Object(Closure))
#47 C:/xampp/htdocs/laravel/examen_laravel_arm/vendor/laravel/framework/src/Illuminate/Http/Middleware/TrustProxies.php(58): Illuminate/Pipeline/Pipeline->Illuminate/Pipeline/{closure}(Object(Illuminate/Http/Request))
#48 C:/xampp/htdocs/laravel/examen_laravel_arm/vendor/laravel/framework/src/Illuminate/Pipeline/Pipeline.php(219): Illuminate/Http/Middleware/TrustProxies->handle(Object(Illuminate/Http/Request), Object(Closure))
#49 C:/xampp/htdocs/laravel/examen_laravel_arm/vendor/laravel/framework/src/Illuminate/Foundation/Http/Middleware/InvokeDeferredCallbacks.php(22): Illuminate/Pipeline/Pipeline->Illuminate/Pipeline/{closure}(Object(Illuminate/Http/Request))
#50 C:/xampp/htdocs/laravel/examen_laravel_arm/vendor/laravel/framework/src/Illuminate/Pipeline/Pipeline.php(219): Illuminate/Foundation/Http/Middleware/InvokeDeferredCallbacks->handle(Object(Illuminate/Http/Request), Object(Closure))
#51 C:/xampp/htdocs/laravel/examen_laravel_arm/vendor/laravel/framework/src/Illuminate/Http/Middleware/ValidatePathEncoding.php(26): Illuminate/Pipeline/Pipeline->Illuminate/Pipeline/{closure}(Object(Illuminate/Http/Request))
#52 C:/xampp/htdocs/laravel/examen_laravel_arm/vendor/laravel/framework/src/Illuminate/Pipeline/Pipeline.php(219): Illuminate/Http/Middleware/ValidatePathEncoding->handle(Object(Illuminate/Http/Request), Object(Closure))
#53 C:/xampp/htdocs/laravel/examen_laravel_arm/vendor/laravel/framework/src/Illuminate/Pipeline/Pipeline.php(137): Illuminate/Pipeline/Pipeline->Illuminate/Pipeline/{closure}(Object(Illuminate/Http/Request))
#54 C:/xampp/htdocs/laravel/examen_laravel_arm/vendor/laravel/framework/src/Illuminate/Foundation/Http/Kernel.php(175): Illuminate/Pipeline/Pipeline->then(Object(Closure))
#55 C:/xampp/htdocs/laravel/examen_laravel_arm/vendor/laravel/framework/src/Illuminate/Foundation/Http/Kernel.php(144): Illuminate/Foundation/Http/Kernel->sendRequestThroughRouter(Object(Illuminate/Http/Request))
#56 C:/xampp/htdocs/laravel/examen_laravel_arm/vendor/laravel/framework/src/Illuminate/Foundation/Application.php(1220): Illuminate/Foundation/Http/Kernel->handle(Object(Illuminate/Http/Request))
#57 C:/xampp/htdocs/laravel/examen_laravel_arm/public/index.php(20): Illuminate/Foundation/Application->handleRequest(Object(Illuminate/Http/Request))
#58 C:/xampp/htdocs/laravel/examen_laravel_arm/vendor/laravel/framework/src/Illuminate/Foundation/resources/server.php(23): require_once('C://xampp//htdocs...')
#59 {main}

[previous exception] [object] (PDOException(code: 42S02): SQLSTATE[42S02]: Base table or view not found: 1146 Table 'laravel_examen.products_arm' doesn't exist at C:/xampp/htdocs/laravel/examen_laravel_arm/vendor/laravel/framework/src/Illuminate/Database/Connection.php:420)
[stacktrace]
#0 C:/xampp/htdocs/laravel/examen_laravel_arm/vendor/laravel/framework/src/Illuminate/Database/Connection.php(420): PDO->prepare('select * from `...')
#1 C:/xampp/htdocs/laravel/examen_laravel_arm/vendor/laravel/framework/src/Illuminate/Database/Connection.php(827): Illuminate/Database/Connection->Illuminate/Database/{closure}('select * from `...', Array)
#2 C:/xampp/htdocs/laravel/examen_laravel_arm/vendor/laravel/framework/src/Illuminate/Database/Connection.php(794): Illuminate/Database/Connection->runQueryCallback('select * from `...', Array, Object(Closure))
#3 C:/xampp/htdocs/laravel/examen_laravel_arm/vendor/laravel/framework/src/Illuminate/Database/Connection.php(411): Illuminate/Database/Connection->run('select * from `...', Array, Object(Closure))
#4 C:/xampp/htdocs/laravel/examen_laravel_arm/vendor/laravel/framework/src/Illuminate/Database/Query/Builder.php(3389): Illuminate/Database/Connection->select('select * from `...', Array, true)
#5 C:/xampp/htdocs/laravel/examen_laravel_arm/vendor/laravel/framework/src/Illuminate/Database/Query/Builder.php(3374): Illuminate/Database/Query/Builder->runSelect()
#6 C:/xampp/htdocs/laravel/examen_laravel_arm/vendor/laravel/framework/src/Illuminate/Database/Query/Builder.php(3964): Illuminate/Database/Query/Builder->Illuminate/Database/Query/{closure}()
#7 C:/xampp/htdocs/laravel/examen_laravel_arm/vendor/laravel/framework/src/Illuminate/Database/Query/Builder.php(3373): Illuminate/Database/Query/Builder->onceWithColumns(Array, Object(Closure))
#8 C:/xampp/htdocs/laravel/examen_laravel_arm/vendor/laravel/framework/src/Illuminate/Database/Eloquent/Builder.php(902): Illuminate/Database/Query/Builder->get(Array)
#9 C:/xampp/htdocs/laravel/examen_laravel_arm/vendor/laravel/framework/src/Illuminate/Database/Eloquent/Builder.php(884): Illuminate/Database/Eloquent/Builder->getModels(Array)
#10 C:/xampp/htdocs/laravel/examen_laravel_arm/vendor/laravel/framework/src/Illuminate/Database/Eloquent/Model.php(770): Illuminate/Database/Eloquent/Builder->get(Array)
#11 C:/xampp/htdocs/laravel/examen_laravel_arm/app/Http/Controllers/ProductARMController.php(15): Illuminate/Database/Eloquent/Model::all()
#12 C:/xampp/htdocs/laravel/examen_laravel_arm/vendor/laravel/framework/src/Illuminate/Routing/ControllerDispatcher.php(46): App/Http/Controllers/ProductARMController->index()
#13 C:/xampp/htdocs/laravel/examen_laravel_arm/vendor/laravel/framework/src/Illuminate/Routing/Route.php(265): Illuminate/Routing/ControllerDispatcher->dispatch(Object(Illuminate/Routing/Route), Object(App/Http/Controllers/ProductARMController), 'index')
#14 C:/xampp/htdocs/laravel/examen_laravel_arm/vendor/laravel/framework/src/Illuminate/Routing/Route.php(211): Illuminate/Routing/Route->runController()
#15 C:/xampp/htdocs/laravel/examen_laravel_arm/vendor/laravel/framework/src/Illuminate/Routing/Router.php(822): Illuminate/Routing/Route->run()
#16 C:/xampp/htdocs/laravel/examen_laravel_arm/vendor/laravel/framework/src/Illuminate/Pipeline/Pipeline.php(180): Illuminate/Routing/Router->Illuminate/Routing/{closure}(Object(Illuminate/Http/Request))
#17 C:/xampp/htdocs/laravel/examen_laravel_arm/vendor/laravel/framework/src/Illuminate/Routing/Middleware/SubstituteBindings.php(50): Illuminate/Pipeline/Pipeline->Illuminate/Pipeline/{closure}(Object(Illuminate/Http/Request))
#18 C:/xampp/htdocs/laravel/examen_laravel_arm/vendor/laravel/framework/src/Illuminate/Pipeline/Pipeline.php(219): Illuminate/Routing/Middleware/SubstituteBindings->handle(Object(Illuminate/Http/Request), Object(Closure))
#19 C:/xampp/htdocs/laravel/examen_laravel_arm/vendor/laravel/framework/src/Illuminate/Foundation/Http/Middleware/VerifyCsrfToken.php(87): Illuminate/Pipeline/Pipeline->Illuminate/Pipeline/{closure}(Object(Illuminate/Http/Request))
#20 C:/xampp/htdocs/laravel/examen_laravel_arm/vendor/laravel/framework/src/Illuminate/Pipeline/Pipeline.php(219): Illuminate/Foundation/Http/Middleware/VerifyCsrfToken->handle(Object(Illuminate/Http/Request), Object(Closure))
#21 C:/xampp/htdocs/laravel/examen_laravel_arm/vendor/laravel/framework/src/Illuminate/View/Middleware/ShareErrorsFromSession.php(48): Illuminate/Pipeline/Pipeline->Illuminate/Pipeline/{closure}(Object(Illuminate/Http/Request))
#22 C:/xampp/htdocs/laravel/examen_laravel_arm/vendor/laravel/framework/src/Illuminate/Pipeline/Pipeline.php(219): Illuminate/View/Middleware/ShareErrorsFromSession->handle(Object(Illuminate/Http/Request), Object(Closure))
#23 C:/xampp/htdocs/laravel/examen_laravel_arm/vendor/laravel/framework/src/Illuminate/Session/Middleware/StartSession.php(120): Illuminate/Pipeline/Pipeline->Illuminate/Pipeline/{closure}(Object(Illuminate/Http/Request))
#24 C:/xampp/htdocs/laravel/examen_laravel_arm/vendor/laravel/framework/src/Illuminate/Session/Middleware/StartSession.php(63): Illuminate/Session/Middleware/StartSession->handleStatefulRequest(Object(Illuminate/Http/Request), Object(Illuminate/Session/Store), Object(Closure))
#25 C:/xampp/htdocs/laravel/examen_laravel_arm/vendor/laravel/framework/src/Illuminate/Pipeline/Pipeline.php(219): Illuminate/Session/Middleware/StartSession->handle(Object(Illuminate/Http/Request), Object(Closure))
#26 C:/xampp/htdocs/laravel/examen_laravel_arm/vendor/laravel/framework/src/Illuminate/Cookie/Middleware/AddQueuedCookiesToResponse.php(36): Illuminate/Pipeline/Pipeline->Illuminate/Pipeline/{closure}(Object(Illuminate/Http/Request))
#27 C:/xampp/htdocs/laravel/examen_laravel_arm/vendor/laravel/framework/src/Illuminate/Pipeline/Pipeline.php(219): Illuminate/Cookie/Middleware/AddQueuedCookiesToResponse->handle(Object(Illuminate/Http/Request), Object(Closure))
#28 C:/xampp/htdocs/laravel/examen_laravel_arm/vendor/laravel/framework/src/Illuminate/Cookie/Middleware/EncryptCookies.php(74): Illuminate/Pipeline/Pipeline->Illuminate/Pipeline/{closure}(Object(Illuminate/Http/Request))
#29 C:/xampp/htdocs/laravel/examen_laravel_arm/vendor/laravel/framework/src/Illuminate/Pipeline/Pipeline.php(219): Illuminate/Cookie/Middleware/EncryptCookies->handle(Object(Illuminate/Http/Request), Object(Closure))
#30 C:/xampp/htdocs/laravel/examen_laravel_arm/vendor/laravel/framework/src/Illuminate/Pipeline/Pipeline.php(137): Illuminate/Pipeline/Pipeline->Illuminate/Pipeline/{closure}(Object(Illuminate/Http/Request))
#31 C:/xampp/htdocs/laravel/examen_laravel_arm/vendor/laravel/framework/src/Illuminate/Routing/Router.php(821): Illuminate/Pipeline/Pipeline->then(Object(Closure))
#32 C:/xampp/htdocs/laravel/examen_laravel_arm/vendor/laravel/framework/src/Illuminate/Routing/Router.php(800): Illuminate/Routing/Router->runRouteWithinStack(Object(Illuminate/Routing/Route), Object(Illuminate/Http/Request))
#33 C:/xampp/htdocs/laravel/examen_laravel_arm/vendor/laravel/framework/src/Illuminate/Routing/Router.php(764): Illuminate/Routing/Router->runRoute(Object(Illuminate/Http/Request), Object(Illuminate/Routing/Route))
#34 C:/xampp/htdocs/laravel/examen_laravel_arm/vendor/laravel/framework/src/Illuminate/Routing/Router.php(753): Illuminate/Routing/Router->dispatchToRoute(Object(Illuminate/Http/Request))
#35 C:/xampp/htdocs/laravel/examen_laravel_arm/vendor/laravel/framework/src/Illuminate/Foundation/Http/Kernel.php(200): Illuminate/Routing/Router->dispatch(Object(Illuminate/Http/Request))
#36 C:/xampp/htdocs/laravel/examen_laravel_arm/vendor/laravel/framework/src/Illuminate/Pipeline/Pipeline.php(180): Illuminate/Foundation/Http/Kernel->Illuminate/Foundation/Http/{closure}(Object(Illuminate/Http/Request))
#37 C:/xampp/htdocs/laravel/examen_laravel_arm/vendor/laravel/framework/src/Illuminate/Foundation/Http/Middleware/TransformsRequest.php(21): Illuminate/Pipeline/Pipeline->Illuminate/Pipeline/{closure}(Object(Illuminate/Http/Request))
#38 C:/xampp/htdocs/laravel/examen_laravel_arm/vendor/laravel/framework/src/Illuminate/Foundation/Http/Middleware/ConvertEmptyStringsToNull.php(31): Illuminate/Foundation/Http/Middleware/TransformsRequest->handle(Object(Illuminate/Http/Request), Object(Closure))
#39 C:/xampp/htdocs/laravel/examen_laravel_arm/vendor/laravel/framework/src/Illuminate/Pipeline/Pipeline.php(219): Illuminate/Foundation/Http/Middleware/ConvertEmptyStringsToNull->handle(Object(Illuminate/Http/Request), Object(Closure))
#40 C:/xampp/htdocs/laravel/examen_laravel_arm/vendor/laravel/framework/src/Illuminate/Foundation/Http/Middleware/TransformsRequest.php(21): Illuminate/Pipeline/Pipeline->Illuminate/Pipeline/{closure}(Object(Illuminate/Http/Request))
#41 C:/xampp/htdocs/laravel/examen_laravel_arm/vendor/laravel/framework/src/Illuminate/Foundation/Http/Middleware/TrimStrings.php(51): Illuminate/Foundation/Http/Middleware/TransformsRequest->handle(Object(Illuminate/Http/Request), Object(Closure))
#42 C:/xampp/htdocs/laravel/examen_laravel_arm/vendor/laravel/framework/src/Illuminate/Pipeline/Pipeline.php(219): Illuminate/Foundation/Http/Middleware/TrimStrings->handle(Object(Illuminate/Http/Request), Object(Closure))
#43 C:/xampp/htdocs/laravel/examen_laravel_arm/vendor/laravel/framework/src/Illuminate/Http/Middleware/ValidatePostSize.php(27): Illuminate/Pipeline/Pipeline->Illuminate/Pipeline/{closure}(Object(Illuminate/Http/Request))
#44 C:/xampp/htdocs/laravel/examen_laravel_arm/vendor/laravel/framework/src/Illuminate/Pipeline/Pipeline.php(219): Illuminate/Http/Middleware/ValidatePostSize->handle(Object(Illuminate/Http/Request), Object(Closure))
#45 C:/xampp/htdocs/laravel/examen_laravel_arm/vendor/laravel/framework/src/Illuminate/Foundation/Http/Middleware/PreventRequestsDuringMaintenance.php(109): Illuminate/Pipeline/Pipeline->Illuminate/Pipeline/{closure}(Object(Illuminate/Http/Request))
#46 C:/xampp/htdocs/laravel/examen_laravel_arm/vendor/laravel/framework/src/Illuminate/Pipeline/Pipeline.php(219): Illuminate/Foundation/Http/Middleware/PreventRequestsDuringMaintenance->handle(Object(Illuminate/Http/Request), Object(Closure))
#47 C:/xampp/htdocs/laravel/examen_laravel_arm/vendor/laravel/framework/src/Illuminate/Http/Middleware/HandleCors.php(61): Illuminate/Pipeline/Pipeline->Illuminate/Pipeline/{closure}(Object(Illuminate/Http/Request))
#48 C:/xampp/htdocs/laravel/examen_laravel_arm/vendor/laravel/framework/src/Illuminate/Pipeline/Pipeline.php(219): Illuminate/Http/Middleware/HandleCors->handle(Object(Illuminate/Http/Request), Object(Closure))
#49 C:/xampp/htdocs/laravel/examen_laravel_arm/vendor/laravel/framework/src/Illuminate/Http/Middleware/TrustProxies.php(58): Illuminate/Pipeline/Pipeline->Illuminate/Pipeline/{closure}(Object(Illuminate/Http/Request))
#50 C:/xampp/htdocs/laravel/examen_laravel_arm/vendor/laravel/framework/src/Illuminate/Pipeline/Pipeline.php(219): Illuminate/Http/Middleware/TrustProxies->handle(Object(Illuminate/Http/Request), Object(Closure))
#51 C:/xampp/htdocs/laravel/examen_laravel_arm/vendor/laravel/framework/src/Illuminate/Foundation/Http/Middleware/InvokeDeferredCallbacks.php(22): Illuminate/Pipeline/Pipeline->Illuminate/Pipeline/{closure}(Object(Illuminate/Http/Request))
#52 C:/xampp/htdocs/laravel/examen_laravel_arm/vendor/laravel/framework/src/Illuminate/Pipeline/Pipeline.php(219): Illuminate/Foundation/Http/Middleware/InvokeDeferredCallbacks->handle(Object(Illuminate/Http/Request), Object(Closure))
#53 C:/xampp/htdocs/laravel/examen_laravel_arm/vendor/laravel/framework/src/Illuminate/Http/Middleware/ValidatePathEncoding.php(26): Illuminate/Pipeline/Pipeline->Illuminate/Pipeline/{closure}(Object(Illuminate/Http/Request))
#54 C:/xampp/htdocs/laravel/examen_laravel_arm/vendor/laravel/framework/src/Illuminate/Pipeline/Pipeline.php(219): Illuminate/Http/Middleware/ValidatePathEncoding->handle(Object(Illuminate/Http/Request), Object(Closure))
#55 C:/xampp/htdocs/laravel/examen_laravel_arm/vendor/laravel/framework/src/Illuminate/Pipeline/Pipeline.php(137): Illuminate/Pipeline/Pipeline->Illuminate/Pipeline/{closure}(Object(Illuminate/Http/Request))
#56 C:/xampp/htdocs/laravel/examen_laravel_arm/vendor/laravel/framework/src/Illuminate/Foundation/Http/Kernel.php(175): Illuminate/Pipeline/Pipeline->then(Object(Closure))
#57 C:/xampp/htdocs/laravel/examen_laravel_arm/vendor/laravel/framework/src/Illuminate/Foundation/Http/Kernel.php(144): Illuminate/Foundation/Http/Kernel->sendRequestThroughRouter(Object(Illuminate/Http/Request))
#58 C:/xampp/htdocs/laravel/examen_laravel_arm/vendor/laravel/framework/src/Illuminate/Foundation/Application.php(1220): Illuminate/Foundation/Http/Kernel->handle(Object(Illuminate/Http/Request))
#59 C:/xampp/htdocs/laravel/examen_laravel_arm/public/index.php(20): Illuminate/Foundation/Application->handleRequest(Object(Illuminate/Http/Request))
#60 C:/xampp/htdocs/laravel/examen_laravel_arm/vendor/laravel/framework/src/Illuminate/Foundation/resources/server.php(23): require_once('C://xampp//htdocs...')
#61 {main}
"} 
[2026-02-02 12:32:45] local.ERROR: SQLSTATE[42S02]: Base table or view not found: 1146 Table 'laravel_examen_arm.products_arm' doesn't exist (Connection: mysql, Host: 127.0.0.1, Port: 3306, Database: laravel_examen_ARM, SQL: select * from `products_arm`) {"exception":"[object] (Illuminate\\Database\\QueryException(code: 42S02): SQLSTATE[42S02]: Base table or view not found: 1146 Table 'laravel_examen_arm.products_arm' doesn't exist (Connection: mysql, Host: 127.0.0.1, Port: 3306, Database: laravel_examen_ARM, SQL: select * from `products_arm`) at C:/xampp/htdocs/laravel/examen_laravel_arm/vendor/laravel/framework/src/Illuminate/Database/Connection.php:838)
[stacktrace]
#0 C:/xampp/htdocs/laravel/examen_laravel_arm/vendor/laravel/framework/src/Illuminate/Database/Connection.php(794): Illuminate/Database/Connection->runQueryCallback('select * from `...', Array, Object(Closure))
#1 C:/xampp/htdocs/laravel/examen_laravel_arm/vendor/laravel/framework/src/Illuminate/Database/Connection.php(411): Illuminate/Database/Connection->run('select * from `...', Array, Object(Closure))
#2 C:/xampp/htdocs/laravel/examen_laravel_arm/vendor/laravel/framework/src/Illuminate/Database/Query/Builder.php(3389): Illuminate/Database/Connection->select('select * from `...', Array, true)
#3 C:/xampp/htdocs/laravel/examen_laravel_arm/vendor/laravel/framework/src/Illuminate/Database/Query/Builder.php(3374): Illuminate/Database/Query/Builder->runSelect()
#4 C:/xampp/htdocs/laravel/examen_laravel_arm/vendor/laravel/framework/src/Illuminate/Database/Query/Builder.php(3964): Illuminate/Database/Query/Builder->Illuminate/Database/Query/{closure}()
#5 C:/xampp/htdocs/laravel/examen_laravel_arm/vendor/laravel/framework/src/Illuminate/Database/Query/Builder.php(3373): Illuminate/Database/Query/Builder->onceWithColumns(Array, Object(Closure))
#6 C:/xampp/htdocs/laravel/examen_laravel_arm/vendor/laravel/framework/src/Illuminate/Database/Eloquent/Builder.php(902): Illuminate/Database/Query/Builder->get(Array)
#7 C:/xampp/htdocs/laravel/examen_laravel_arm/vendor/laravel/framework/src/Illuminate/Database/Eloquent/Builder.php(884): Illuminate/Database/Eloquent/Builder->getModels(Array)
#8 C:/xampp/htdocs/laravel/examen_laravel_arm/vendor/laravel/framework/src/Illuminate/Database/Eloquent/Model.php(770): Illuminate/Database/Eloquent/Builder->get(Array)
#9 C:/xampp/htdocs/laravel/examen_laravel_arm/app/Http/Controllers/ProductARMController.php(15): Illuminate/Database/Eloquent/Model::all()
#10 C:/xampp/htdocs/laravel/examen_laravel_arm/vendor/laravel/framework/src/Illuminate/Routing/ControllerDispatcher.php(46): App/Http/Controllers/ProductARMController->index()
#11 C:/xampp/htdocs/laravel/examen_laravel_arm/vendor/laravel/framework/src/Illuminate/Routing/Route.php(265): Illuminate/Routing/ControllerDispatcher->dispatch(Object(Illuminate/Routing/Route), Object(App/Http/Controllers/ProductARMController), 'index')
#12 C:/xampp/htdocs/laravel/examen_laravel_arm/vendor/laravel/framework/src/Illuminate/Routing/Route.php(211): Illuminate/Routing/Route->runController()
#13 C:/xampp/htdocs/laravel/examen_laravel_arm/vendor/laravel/framework/src/Illuminate/Routing/Router.php(822): Illuminate/Routing/Route->run()
#14 C:/xampp/htdocs/laravel/examen_laravel_arm/vendor/laravel/framework/src/Illuminate/Pipeline/Pipeline.php(180): Illuminate/Routing/Router->Illuminate/Routing/{closure}(Object(Illuminate/Http/Request))
#15 C:/xampp/htdocs/laravel/examen_laravel_arm/vendor/laravel/framework/src/Illuminate/Routing/Middleware/SubstituteBindings.php(50): Illuminate/Pipeline/Pipeline->Illuminate/Pipeline/{closure}(Object(Illuminate/Http/Request))
#16 C:/xampp/htdocs/laravel/examen_laravel_arm/vendor/laravel/framework/src/Illuminate/Pipeline/Pipeline.php(219): Illuminate/Routing/Middleware/SubstituteBindings->handle(Object(Illuminate/Http/Request), Object(Closure))
#17 C:/xampp/htdocs/laravel/examen_laravel_arm/vendor/laravel/framework/src/Illuminate/Foundation/Http/Middleware/VerifyCsrfToken.php(87): Illuminate/Pipeline/Pipeline->Illuminate/Pipeline/{closure}(Object(Illuminate/Http/Request))
#18 C:/xampp/htdocs/laravel/examen_laravel_arm/vendor/laravel/framework/src/Illuminate/Pipeline/Pipeline.php(219): Illuminate/Foundation/Http/Middleware/VerifyCsrfToken->handle(Object(Illuminate/Http/Request), Object(Closure))
#19 C:/xampp/htdocs/laravel/examen_laravel_arm/vendor/laravel/framework/src/Illuminate/View/Middleware/ShareErrorsFromSession.php(48): Illuminate/Pipeline/Pipeline->Illuminate/Pipeline/{closure}(Object(Illuminate/Http/Request))
#20 C:/xampp/htdocs/laravel/examen_laravel_arm/vendor/laravel/framework/src/Illuminate/Pipeline/Pipeline.php(219): Illuminate/View/Middleware/ShareErrorsFromSession->handle(Object(Illuminate/Http/Request), Object(Closure))
#21 C:/xampp/htdocs/laravel/examen_laravel_arm/vendor/laravel/framework/src/Illuminate/Session/Middleware/StartSession.php(120): Illuminate/Pipeline/Pipeline->Illuminate/Pipeline/{closure}(Object(Illuminate/Http/Request))
#22 C:/xampp/htdocs/laravel/examen_laravel_arm/vendor/laravel/framework/src/Illuminate/Session/Middleware/StartSession.php(63): Illuminate/Session/Middleware/StartSession->handleStatefulRequest(Object(Illuminate/Http/Request), Object(Illuminate/Session/Store), Object(Closure))
#23 C:/xampp/htdocs/laravel/examen_laravel_arm/vendor/laravel/framework/src/Illuminate/Pipeline/Pipeline.php(219): Illuminate/Session/Middleware/StartSession->handle(Object(Illuminate/Http/Request), Object(Closure))
#24 C:/xampp/htdocs/laravel/examen_laravel_arm/vendor/laravel/framework/src/Illuminate/Cookie/Middleware/AddQueuedCookiesToResponse.php(36): Illuminate/Pipeline/Pipeline->Illuminate/Pipeline/{closure}(Object(Illuminate/Http/Request))
#25 C:/xampp/htdocs/laravel/examen_laravel_arm/vendor/laravel/framework/src/Illuminate/Pipeline/Pipeline.php(219): Illuminate/Cookie/Middleware/AddQueuedCookiesToResponse->handle(Object(Illuminate/Http/Request), Object(Closure))
#26 C:/xampp/htdocs/laravel/examen_laravel_arm/vendor/laravel/framework/src/Illuminate/Cookie/Middleware/EncryptCookies.php(74): Illuminate/Pipeline/Pipeline->Illuminate/Pipeline/{closure}(Object(Illuminate/Http/Request))
#27 C:/xampp/htdocs/laravel/examen_laravel_arm/vendor/laravel/framework/src/Illuminate/Pipeline/Pipeline.php(219): Illuminate/Cookie/Middleware/EncryptCookies->handle(Object(Illuminate/Http/Request), Object(Closure))
#28 C:/xampp/htdocs/laravel/examen_laravel_arm/vendor/laravel/framework/src/Illuminate/Pipeline/Pipeline.php(137): Illuminate/Pipeline/Pipeline->Illuminate/Pipeline/{closure}(Object(Illuminate/Http/Request))
#29 C:/xampp/htdocs/laravel/examen_laravel_arm/vendor/laravel/framework/src/Illuminate/Routing/Router.php(821): Illuminate/Pipeline/Pipeline->then(Object(Closure))
#30 C:/xampp/htdocs/laravel/examen_laravel_arm/vendor/laravel/framework/src/Illuminate/Routing/Router.php(800): Illuminate/Routing/Router->runRouteWithinStack(Object(Illuminate/Routing/Route), Object(Illuminate/Http/Request))
#31 C:/xampp/htdocs/laravel/examen_laravel_arm/vendor/laravel/framework/src/Illuminate/Routing/Router.php(764): Illuminate/Routing/Router->runRoute(Object(Illuminate/Http/Request), Object(Illuminate/Routing/Route))
#32 C:/xampp/htdocs/laravel/examen_laravel_arm/vendor/laravel/framework/src/Illuminate/Routing/Router.php(753): Illuminate/Routing/Router->dispatchToRoute(Object(Illuminate/Http/Request))
#33 C:/xampp/htdocs/laravel/examen_laravel_arm/vendor/laravel/framework/src/Illuminate/Foundation/Http/Kernel.php(200): Illuminate/Routing/Router->dispatch(Object(Illuminate/Http/Request))
#34 C:/xampp/htdocs/laravel/examen_laravel_arm/vendor/laravel/framework/src/Illuminate/Pipeline/Pipeline.php(180): Illuminate/Foundation/Http/Kernel->Illuminate/Foundation/Http/{closure}(Object(Illuminate/Http/Request))
#35 C:/xampp/htdocs/laravel/examen_laravel_arm/vendor/laravel/framework/src/Illuminate/Foundation/Http/Middleware/TransformsRequest.php(21): Illuminate/Pipeline/Pipeline->Illuminate/Pipeline/{closure}(Object(Illuminate/Http/Request))
#36 C:/xampp/htdocs/laravel/examen_laravel_arm/vendor/laravel/framework/src/Illuminate/Foundation/Http/Middleware/ConvertEmptyStringsToNull.php(31): Illuminate/Foundation/Http/Middleware/TransformsRequest->handle(Object(Illuminate/Http/Request), Object(Closure))
#37 C:/xampp/htdocs/laravel/examen_laravel_arm/vendor/laravel/framework/src/Illuminate/Pipeline/Pipeline.php(219): Illuminate/Foundation/Http/Middleware/ConvertEmptyStringsToNull->handle(Object(Illuminate/Http/Request), Object(Closure))
#38 C:/xampp/htdocs/laravel/examen_laravel_arm/vendor/laravel/framework/src/Illuminate/Foundation/Http/Middleware/TransformsRequest.php(21): Illuminate/Pipeline/Pipeline->Illuminate/Pipeline/{closure}(Object(Illuminate/Http/Request))
#39 C:/xampp/htdocs/laravel/examen_laravel_arm/vendor/laravel/framework/src/Illuminate/Foundation/Http/Middleware/TrimStrings.php(51): Illuminate/Foundation/Http/Middleware/TransformsRequest->handle(Object(Illuminate/Http/Request), Object(Closure))
#40 C:/xampp/htdocs/laravel/examen_laravel_arm/vendor/laravel/framework/src/Illuminate/Pipeline/Pipeline.php(219): Illuminate/Foundation/Http/Middleware/TrimStrings->handle(Object(Illuminate/Http/Request), Object(Closure))
#41 C:/xampp/htdocs/laravel/examen_laravel_arm/vendor/laravel/framework/src/Illuminate/Http/Middleware/ValidatePostSize.php(27): Illuminate/Pipeline/Pipeline->Illuminate/Pipeline/{closure}(Object(Illuminate/Http/Request))
#42 C:/xampp/htdocs/laravel/examen_laravel_arm/vendor/laravel/framework/src/Illuminate/Pipeline/Pipeline.php(219): Illuminate/Http/Middleware/ValidatePostSize->handle(Object(Illuminate/Http/Request), Object(Closure))
#43 C:/xampp/htdocs/laravel/examen_laravel_arm/vendor/laravel/framework/src/Illuminate/Foundation/Http/Middleware/PreventRequestsDuringMaintenance.php(109): Illuminate/Pipeline/Pipeline->Illuminate/Pipeline/{closure}(Object(Illuminate/Http/Request))
#44 C:/xampp/htdocs/laravel/examen_laravel_arm/vendor/laravel/framework/src/Illuminate/Pipeline/Pipeline.php(219): Illuminate/Foundation/Http/Middleware/PreventRequestsDuringMaintenance->handle(Object(Illuminate/Http/Request), Object(Closure))
#45 C:/xampp/htdocs/laravel/examen_laravel_arm/vendor/laravel/framework/src/Illuminate/Http/Middleware/HandleCors.php(61): Illuminate/Pipeline/Pipeline->Illuminate/Pipeline/{closure}(Object(Illuminate/Http/Request))
#46 C:/xampp/htdocs/laravel/examen_laravel_arm/vendor/laravel/framework/src/Illuminate/Pipeline/Pipeline.php(219): Illuminate/Http/Middleware/HandleCors->handle(Object(Illuminate/Http/Request), Object(Closure))
#47 C:/xampp/htdocs/laravel/examen_laravel_arm/vendor/laravel/framework/src/Illuminate/Http/Middleware/TrustProxies.php(58): Illuminate/Pipeline/Pipeline->Illuminate/Pipeline/{closure}(Object(Illuminate/Http/Request))
#48 C:/xampp/htdocs/laravel/examen_laravel_arm/vendor/laravel/framework/src/Illuminate/Pipeline/Pipeline.php(219): Illuminate/Http/Middleware/TrustProxies->handle(Object(Illuminate/Http/Request), Object(Closure))
#49 C:/xampp/htdocs/laravel/examen_laravel_arm/vendor/laravel/framework/src/Illuminate/Foundation/Http/Middleware/InvokeDeferredCallbacks.php(22): Illuminate/Pipeline/Pipeline->Illuminate/Pipeline/{closure}(Object(Illuminate/Http/Request))
#50 C:/xampp/htdocs/laravel/examen_laravel_arm/vendor/laravel/framework/src/Illuminate/Pipeline/Pipeline.php(219): Illuminate/Foundation/Http/Middleware/InvokeDeferredCallbacks->handle(Object(Illuminate/Http/Request), Object(Closure))
#51 C:/xampp/htdocs/laravel/examen_laravel_arm/vendor/laravel/framework/src/Illuminate/Http/Middleware/ValidatePathEncoding.php(26): Illuminate/Pipeline/Pipeline->Illuminate/Pipeline/{closure}(Object(Illuminate/Http/Request))
#52 C:/xampp/htdocs/laravel/examen_laravel_arm/vendor/laravel/framework/src/Illuminate/Pipeline/Pipeline.php(219): Illuminate/Http/Middleware/ValidatePathEncoding->handle(Object(Illuminate/Http/Request), Object(Closure))
#53 C:/xampp/htdocs/laravel/examen_laravel_arm/vendor/laravel/framework/src/Illuminate/Pipeline/Pipeline.php(137): Illuminate/Pipeline/Pipeline->Illuminate/Pipeline/{closure}(Object(Illuminate/Http/Request))
#54 C:/xampp/htdocs/laravel/examen_laravel_arm/vendor/laravel/framework/src/Illuminate/Foundation/Http/Kernel.php(175): Illuminate/Pipeline/Pipeline->then(Object(Closure))
#55 C:/xampp/htdocs/laravel/examen_laravel_arm/vendor/laravel/framework/src/Illuminate/Foundation/Http/Kernel.php(144): Illuminate/Foundation/Http/Kernel->sendRequestThroughRouter(Object(Illuminate/Http/Request))
#56 C:/xampp/htdocs/laravel/examen_laravel_arm/vendor/laravel/framework/src/Illuminate/Foundation/Application.php(1220): Illuminate/Foundation/Http/Kernel->handle(Object(Illuminate/Http/Request))
#57 C:/xampp/htdocs/laravel/examen_laravel_arm/public/index.php(20): Illuminate/Foundation/Application->handleRequest(Object(Illuminate/Http/Request))
#58 C:/xampp/htdocs/laravel/examen_laravel_arm/vendor/laravel/framework/src/Illuminate/Foundation/resources/server.php(23): require_once('C://xampp//htdocs...')
#59 {main}

[previous exception] [object] (PDOException(code: 42S02): SQLSTATE[42S02]: Base table or view not found: 1146 Table 'laravel_examen_arm.products_arm' doesn't exist at C:/xampp/htdocs/laravel/examen_laravel_arm/vendor/laravel/framework/src/Illuminate/Database/Connection.php:420)
[stacktrace]
#0 C:/xampp/htdocs/laravel/examen_laravel_arm/vendor/laravel/framework/src/Illuminate/Database/Connection.php(420): PDO->prepare('select * from `...')
#1 C:/xampp/htdocs/laravel/examen_laravel_arm/vendor/laravel/framework/src/Illuminate/Database/Connection.php(827): Illuminate/Database/Connection->Illuminate/Database/{closure}('select * from `...', Array)
#2 C:/xampp/htdocs/laravel/examen_laravel_arm/vendor/laravel/framework/src/Illuminate/Database/Connection.php(794): Illuminate/Database/Connection->runQueryCallback('select * from `...', Array, Object(Closure))
#3 C:/xampp/htdocs/laravel/examen_laravel_arm/vendor/laravel/framework/src/Illuminate/Database/Connection.php(411): Illuminate/Database/Connection->run('select * from `...', Array, Object(Closure))
#4 C:/xampp/htdocs/laravel/examen_laravel_arm/vendor/laravel/framework/src/Illuminate/Database/Query/Builder.php(3389): Illuminate/Database/Connection->select('select * from `...', Array, true)
#5 C:/xampp/htdocs/laravel/examen_laravel_arm/vendor/laravel/framework/src/Illuminate/Database/Query/Builder.php(3374): Illuminate/Database/Query/Builder->runSelect()
#6 C:/xampp/htdocs/laravel/examen_laravel_arm/vendor/laravel/framework/src/Illuminate/Database/Query/Builder.php(3964): Illuminate/Database/Query/Builder->Illuminate/Database/Query/{closure}()
#7 C:/xampp/htdocs/laravel/examen_laravel_arm/vendor/laravel/framework/src/Illuminate/Database/Query/Builder.php(3373): Illuminate/Database/Query/Builder->onceWithColumns(Array, Object(Closure))
#8 C:/xampp/htdocs/laravel/examen_laravel_arm/vendor/laravel/framework/src/Illuminate/Database/Eloquent/Builder.php(902): Illuminate/Database/Query/Builder->get(Array)
#9 C:/xampp/htdocs/laravel/examen_laravel_arm/vendor/laravel/framework/src/Illuminate/Database/Eloquent/Builder.php(884): Illuminate/Database/Eloquent/Builder->getModels(Array)
#10 C:/xampp/htdocs/laravel/examen_laravel_arm/vendor/laravel/framework/src/Illuminate/Database/Eloquent/Model.php(770): Illuminate/Database/Eloquent/Builder->get(Array)
#11 C:/xampp/htdocs/laravel/examen_laravel_arm/app/Http/Controllers/ProductARMController.php(15): Illuminate/Database/Eloquent/Model::all()
#12 C:/xampp/htdocs/laravel/examen_laravel_arm/vendor/laravel/framework/src/Illuminate/Routing/ControllerDispatcher.php(46): App/Http/Controllers/ProductARMController->index()
#13 C:/xampp/htdocs/laravel/examen_laravel_arm/vendor/laravel/framework/src/Illuminate/Routing/Route.php(265): Illuminate/Routing/ControllerDispatcher->dispatch(Object(Illuminate/Routing/Route), Object(App/Http/Controllers/ProductARMController), 'index')
#14 C:/xampp/htdocs/laravel/examen_laravel_arm/vendor/laravel/framework/src/Illuminate/Routing/Route.php(211): Illuminate/Routing/Route->runController()
#15 C:/xampp/htdocs/laravel/examen_laravel_arm/vendor/laravel/framework/src/Illuminate/Routing/Router.php(822): Illuminate/Routing/Route->run()
#16 C:/xampp/htdocs/laravel/examen_laravel_arm/vendor/laravel/framework/src/Illuminate/Pipeline/Pipeline.php(180): Illuminate/Routing/Router->Illuminate/Routing/{closure}(Object(Illuminate/Http/Request))
#17 C:/xampp/htdocs/laravel/examen_laravel_arm/vendor/laravel/framework/src/Illuminate/Routing/Middleware/SubstituteBindings.php(50): Illuminate/Pipeline/Pipeline->Illuminate/Pipeline/{closure}(Object(Illuminate/Http/Request))
#18 C:/xampp/htdocs/laravel/examen_laravel_arm/vendor/laravel/framework/src/Illuminate/Pipeline/Pipeline.php(219): Illuminate/Routing/Middleware/SubstituteBindings->handle(Object(Illuminate/Http/Request), Object(Closure))
#19 C:/xampp/htdocs/laravel/examen_laravel_arm/vendor/laravel/framework/src/Illuminate/Foundation/Http/Middleware/VerifyCsrfToken.php(87): Illuminate/Pipeline/Pipeline->Illuminate/Pipeline/{closure}(Object(Illuminate/Http/Request))
#20 C:/xampp/htdocs/laravel/examen_laravel_arm/vendor/laravel/framework/src/Illuminate/Pipeline/Pipeline.php(219): Illuminate/Foundation/Http/Middleware/VerifyCsrfToken->handle(Object(Illuminate/Http/Request), Object(Closure))
#21 C:/xampp/htdocs/laravel/examen_laravel_arm/vendor/laravel/framework/src/Illuminate/View/Middleware/ShareErrorsFromSession.php(48): Illuminate/Pipeline/Pipeline->Illuminate/Pipeline/{closure}(Object(Illuminate/Http/Request))
#22 C:/xampp/htdocs/laravel/examen_laravel_arm/vendor/laravel/framework/src/Illuminate/Pipeline/Pipeline.php(219): Illuminate/View/Middleware/ShareErrorsFromSession->handle(Object(Illuminate/Http/Request), Object(Closure))
#23 C:/xampp/htdocs/laravel/examen_laravel_arm/vendor/laravel/framework/src/Illuminate/Session/Middleware/StartSession.php(120): Illuminate/Pipeline/Pipeline->Illuminate/Pipeline/{closure}(Object(Illuminate/Http/Request))
#24 C:/xampp/htdocs/laravel/examen_laravel_arm/vendor/laravel/framework/src/Illuminate/Session/Middleware/StartSession.php(63): Illuminate/Session/Middleware/StartSession->handleStatefulRequest(Object(Illuminate/Http/Request), Object(Illuminate/Session/Store), Object(Closure))
#25 C:/xampp/htdocs/laravel/examen_laravel_arm/vendor/laravel/framework/src/Illuminate/Pipeline/Pipeline.php(219): Illuminate/Session/Middleware/StartSession->handle(Object(Illuminate/Http/Request), Object(Closure))
#26 C:/xampp/htdocs/laravel/examen_laravel_arm/vendor/laravel/framework/src/Illuminate/Cookie/Middleware/AddQueuedCookiesToResponse.php(36): Illuminate/Pipeline/Pipeline->Illuminate/Pipeline/{closure}(Object(Illuminate/Http/Request))
#27 C:/xampp/htdocs/laravel/examen_laravel_arm/vendor/laravel/framework/src/Illuminate/Pipeline/Pipeline.php(219): Illuminate/Cookie/Middleware/AddQueuedCookiesToResponse->handle(Object(Illuminate/Http/Request), Object(Closure))
#28 C:/xampp/htdocs/laravel/examen_laravel_arm/vendor/laravel/framework/src/Illuminate/Cookie/Middleware/EncryptCookies.php(74): Illuminate/Pipeline/Pipeline->Illuminate/Pipeline/{closure}(Object(Illuminate/Http/Request))
#29 C:/xampp/htdocs/laravel/examen_laravel_arm/vendor/laravel/framework/src/Illuminate/Pipeline/Pipeline.php(219): Illuminate/Cookie/Middleware/EncryptCookies->handle(Object(Illuminate/Http/Request), Object(Closure))
#30 C:/xampp/htdocs/laravel/examen_laravel_arm/vendor/laravel/framework/src/Illuminate/Pipeline/Pipeline.php(137): Illuminate/Pipeline/Pipeline->Illuminate/Pipeline/{closure}(Object(Illuminate/Http/Request))
#31 C:/xampp/htdocs/laravel/examen_laravel_arm/vendor/laravel/framework/src/Illuminate/Routing/Router.php(821): Illuminate/Pipeline/Pipeline->then(Object(Closure))
#32 C:/xampp/htdocs/laravel/examen_laravel_arm/vendor/laravel/framework/src/Illuminate/Routing/Router.php(800): Illuminate/Routing/Router->runRouteWithinStack(Object(Illuminate/Routing/Route), Object(Illuminate/Http/Request))
#33 C:/xampp/htdocs/laravel/examen_laravel_arm/vendor/laravel/framework/src/Illuminate/Routing/Router.php(764): Illuminate/Routing/Router->runRoute(Object(Illuminate/Http/Request), Object(Illuminate/Routing/Route))
#34 C:/xampp/htdocs/laravel/examen_laravel_arm/vendor/laravel/framework/src/Illuminate/Routing/Router.php(753): Illuminate/Routing/Router->dispatchToRoute(Object(Illuminate/Http/Request))
#35 C:/xampp/htdocs/laravel/examen_laravel_arm/vendor/laravel/framework/src/Illuminate/Foundation/Http/Kernel.php(200): Illuminate/Routing/Router->dispatch(Object(Illuminate/Http/Request))
#36 C:/xampp/htdocs/laravel/examen_laravel_arm/vendor/laravel/framework/src/Illuminate/Pipeline/Pipeline.php(180): Illuminate/Foundation/Http/Kernel->Illuminate/Foundation/Http/{closure}(Object(Illuminate/Http/Request))
#37 C:/xampp/htdocs/laravel/examen_laravel_arm/vendor/laravel/framework/src/Illuminate/Foundation/Http/Middleware/TransformsRequest.php(21): Illuminate/Pipeline/Pipeline->Illuminate/Pipeline/{closure}(Object(Illuminate/Http/Request))
#38 C:/xampp/htdocs/laravel/examen_laravel_arm/vendor/laravel/framework/src/Illuminate/Foundation/Http/Middleware/ConvertEmptyStringsToNull.php(31): Illuminate/Foundation/Http/Middleware/TransformsRequest->handle(Object(Illuminate/Http/Request), Object(Closure))
#39 C:/xampp/htdocs/laravel/examen_laravel_arm/vendor/laravel/framework/src/Illuminate/Pipeline/Pipeline.php(219): Illuminate/Foundation/Http/Middleware/ConvertEmptyStringsToNull->handle(Object(Illuminate/Http/Request), Object(Closure))
#40 C:/xampp/htdocs/laravel/examen_laravel_arm/vendor/laravel/framework/src/Illuminate/Foundation/Http/Middleware/TransformsRequest.php(21): Illuminate/Pipeline/Pipeline->Illuminate/Pipeline/{closure}(Object(Illuminate/Http/Request))
#41 C:/xampp/htdocs/laravel/examen_laravel_arm/vendor/laravel/framework/src/Illuminate/Foundation/Http/Middleware/TrimStrings.php(51): Illuminate/Foundation/Http/Middleware/TransformsRequest->handle(Object(Illuminate/Http/Request), Object(Closure))
#42 C:/xampp/htdocs/laravel/examen_laravel_arm/vendor/laravel/framework/src/Illuminate/Pipeline/Pipeline.php(219): Illuminate/Foundation/Http/Middleware/TrimStrings->handle(Object(Illuminate/Http/Request), Object(Closure))
#43 C:/xampp/htdocs/laravel/examen_laravel_arm/vendor/laravel/framework/src/Illuminate/Http/Middleware/ValidatePostSize.php(27): Illuminate/Pipeline/Pipeline->Illuminate/Pipeline/{closure}(Object(Illuminate/Http/Request))
#44 C:/xampp/htdocs/laravel/examen_laravel_arm/vendor/laravel/framework/src/Illuminate/Pipeline/Pipeline.php(219): Illuminate/Http/Middleware/ValidatePostSize->handle(Object(Illuminate/Http/Request), Object(Closure))
#45 C:/xampp/htdocs/laravel/examen_laravel_arm/vendor/laravel/framework/src/Illuminate/Foundation/Http/Middleware/PreventRequestsDuringMaintenance.php(109): Illuminate/Pipeline/Pipeline->Illuminate/Pipeline/{closure}(Object(Illuminate/Http/Request))
#46 C:/xampp/htdocs/laravel/examen_laravel_arm/vendor/laravel/framework/src/Illuminate/Pipeline/Pipeline.php(219): Illuminate/Foundation/Http/Middleware/PreventRequestsDuringMaintenance->handle(Object(Illuminate/Http/Request), Object(Closure))
#47 C:/xampp/htdocs/laravel/examen_laravel_arm/vendor/laravel/framework/src/Illuminate/Http/Middleware/HandleCors.php(61): Illuminate/Pipeline/Pipeline->Illuminate/Pipeline/{closure}(Object(Illuminate/Http/Request))
#48 C:/xampp/htdocs/laravel/examen_laravel_arm/vendor/laravel/framework/src/Illuminate/Pipeline/Pipeline.php(219): Illuminate/Http/Middleware/HandleCors->handle(Object(Illuminate/Http/Request), Object(Closure))
#49 C:/xampp/htdocs/laravel/examen_laravel_arm/vendor/laravel/framework/src/Illuminate/Http/Middleware/TrustProxies.php(58): Illuminate/Pipeline/Pipeline->Illuminate/Pipeline/{closure}(Object(Illuminate/Http/Request))
#50 C:/xampp/htdocs/laravel/examen_laravel_arm/vendor/laravel/framework/src/Illuminate/Pipeline/Pipeline.php(219): Illuminate/Http/Middleware/TrustProxies->handle(Object(Illuminate/Http/Request), Object(Closure))
#51 C:/xampp/htdocs/laravel/examen_laravel_arm/vendor/laravel/framework/src/Illuminate/Foundation/Http/Middleware/InvokeDeferredCallbacks.php(22): Illuminate/Pipeline/Pipeline->Illuminate/Pipeline/{closure}(Object(Illuminate/Http/Request))
#52 C:/xampp/htdocs/laravel/examen_laravel_arm/vendor/laravel/framework/src/Illuminate/Pipeline/Pipeline.php(219): Illuminate/Foundation/Http/Middleware/InvokeDeferredCallbacks->handle(Object(Illuminate/Http/Request), Object(Closure))
#53 C:/xampp/htdocs/laravel/examen_laravel_arm/vendor/laravel/framework/src/Illuminate/Http/Middleware/ValidatePathEncoding.php(26): Illuminate/Pipeline/Pipeline->Illuminate/Pipeline/{closure}(Object(Illuminate/Http/Request))
#54 C:/xampp/htdocs/laravel/examen_laravel_arm/vendor/laravel/framework/src/Illuminate/Pipeline/Pipeline.php(219): Illuminate/Http/Middleware/ValidatePathEncoding->handle(Object(Illuminate/Http/Request), Object(Closure))
#55 C:/xampp/htdocs/laravel/examen_laravel_arm/vendor/laravel/framework/src/Illuminate/Pipeline/Pipeline.php(137): Illuminate/Pipeline/Pipeline->Illuminate/Pipeline/{closure}(Object(Illuminate/Http/Request))
#56 C:/xampp/htdocs/laravel/examen_laravel_arm/vendor/laravel/framework/src/Illuminate/Foundation/Http/Kernel.php(175): Illuminate/Pipeline/Pipeline->then(Object(Closure))
#57 C:/xampp/htdocs/laravel/examen_laravel_arm/vendor/laravel/framework/src/Illuminate/Foundation/Http/Kernel.php(144): Illuminate/Foundation/Http/Kernel->sendRequestThroughRouter(Object(Illuminate/Http/Request))
#58 C:/xampp/htdocs/laravel/examen_laravel_arm/vendor/laravel/framework/src/Illuminate/Foundation/Application.php(1220): Illuminate/Foundation/Http/Kernel->handle(Object(Illuminate/Http/Request))
#59 C:/xampp/htdocs/laravel/examen_laravel_arm/public/index.php(20): Illuminate/Foundation/Application->handleRequest(Object(Illuminate/Http/Request))
#60 C:/xampp/htdocs/laravel/examen_laravel_arm/vendor/laravel/framework/src/Illuminate/Foundation/resources/server.php(23): require_once('C://xampp//htdocs...')
#61 {main}
"} 
[2026-02-02 12:33:56] local.ERROR: SQLSTATE[42S02]: Base table or view not found: 1146 Table 'laravel_examen_arm.products_arm' doesn't exist (Connection: mysql, Host: 127.0.0.1, Port: 3306, Database: laravel_examen_ARM, SQL: select * from `products_arm`) {"exception":"[object] (Illuminate\\Database\\QueryException(code: 42S02): SQLSTATE[42S02]: Base table or view not found: 1146 Table 'laravel_examen_arm.products_arm' doesn't exist (Connection: mysql, Host: 127.0.0.1, Port: 3306, Database: laravel_examen_ARM, SQL: select * from `products_arm`) at C:/xampp/htdocs/laravel/examen_laravel_arm/vendor/laravel/framework/src/Illuminate/Database/Connection.php:838)
[stacktrace]
#0 C:/xampp/htdocs/laravel/examen_laravel_arm/vendor/laravel/framework/src/Illuminate/Database/Connection.php(794): Illuminate/Database/Connection->runQueryCallback('select * from `...', Array, Object(Closure))
#1 C:/xampp/htdocs/laravel/examen_laravel_arm/vendor/laravel/framework/src/Illuminate/Database/Connection.php(411): Illuminate/Database/Connection->run('select * from `...', Array, Object(Closure))
#2 C:/xampp/htdocs/laravel/examen_laravel_arm/vendor/laravel/framework/src/Illuminate/Database/Query/Builder.php(3389): Illuminate/Database/Connection->select('select * from `...', Array, true)
#3 C:/xampp/htdocs/laravel/examen_laravel_arm/vendor/laravel/framework/src/Illuminate/Database/Query/Builder.php(3374): Illuminate/Database/Query/Builder->runSelect()
#4 C:/xampp/htdocs/laravel/examen_laravel_arm/vendor/laravel/framework/src/Illuminate/Database/Query/Builder.php(3964): Illuminate/Database/Query/Builder->Illuminate/Database/Query/{closure}()
#5 C:/xampp/htdocs/laravel/examen_laravel_arm/vendor/laravel/framework/src/Illuminate/Database/Query/Builder.php(3373): Illuminate/Database/Query/Builder->onceWithColumns(Array, Object(Closure))
#6 C:/xampp/htdocs/laravel/examen_laravel_arm/vendor/laravel/framework/src/Illuminate/Database/Eloquent/Builder.php(902): Illuminate/Database/Query/Builder->get(Array)
#7 C:/xampp/htdocs/laravel/examen_laravel_arm/vendor/laravel/framework/src/Illuminate/Database/Eloquent/Builder.php(884): Illuminate/Database/Eloquent/Builder->getModels(Array)
#8 C:/xampp/htdocs/laravel/examen_laravel_arm/vendor/laravel/framework/src/Illuminate/Database/Eloquent/Model.php(770): Illuminate/Database/Eloquent/Builder->get(Array)
#9 C:/xampp/htdocs/laravel/examen_laravel_arm/app/Http/Controllers/ProductARMController.php(15): Illuminate/Database/Eloquent/Model::all()
#10 C:/xampp/htdocs/laravel/examen_laravel_arm/vendor/laravel/framework/src/Illuminate/Routing/ControllerDispatcher.php(46): App/Http/Controllers/ProductARMController->index()
#11 C:/xampp/htdocs/laravel/examen_laravel_arm/vendor/laravel/framework/src/Illuminate/Routing/Route.php(265): Illuminate/Routing/ControllerDispatcher->dispatch(Object(Illuminate/Routing/Route), Object(App/Http/Controllers/ProductARMController), 'index')
#12 C:/xampp/htdocs/laravel/examen_laravel_arm/vendor/laravel/framework/src/Illuminate/Routing/Route.php(211): Illuminate/Routing/Route->runController()
#13 C:/xampp/htdocs/laravel/examen_laravel_arm/vendor/laravel/framework/src/Illuminate/Routing/Router.php(822): Illuminate/Routing/Route->run()
#14 C:/xampp/htdocs/laravel/examen_laravel_arm/vendor/laravel/framework/src/Illuminate/Pipeline/Pipeline.php(180): Illuminate/Routing/Router->Illuminate/Routing/{closure}(Object(Illuminate/Http/Request))
#15 C:/xampp/htdocs/laravel/examen_laravel_arm/vendor/laravel/framework/src/Illuminate/Routing/Middleware/SubstituteBindings.php(50): Illuminate/Pipeline/Pipeline->Illuminate/Pipeline/{closure}(Object(Illuminate/Http/Request))
#16 C:/xampp/htdocs/laravel/examen_laravel_arm/vendor/laravel/framework/src/Illuminate/Pipeline/Pipeline.php(219): Illuminate/Routing/Middleware/SubstituteBindings->handle(Object(Illuminate/Http/Request), Object(Closure))
#17 C:/xampp/htdocs/laravel/examen_laravel_arm/vendor/laravel/framework/src/Illuminate/Foundation/Http/Middleware/VerifyCsrfToken.php(87): Illuminate/Pipeline/Pipeline->Illuminate/Pipeline/{closure}(Object(Illuminate/Http/Request))
#18 C:/xampp/htdocs/laravel/examen_laravel_arm/vendor/laravel/framework/src/Illuminate/Pipeline/Pipeline.php(219): Illuminate/Foundation/Http/Middleware/VerifyCsrfToken->handle(Object(Illuminate/Http/Request), Object(Closure))
#19 C:/xampp/htdocs/laravel/examen_laravel_arm/vendor/laravel/framework/src/Illuminate/View/Middleware/ShareErrorsFromSession.php(48): Illuminate/Pipeline/Pipeline->Illuminate/Pipeline/{closure}(Object(Illuminate/Http/Request))
#20 C:/xampp/htdocs/laravel/examen_laravel_arm/vendor/laravel/framework/src/Illuminate/Pipeline/Pipeline.php(219): Illuminate/View/Middleware/ShareErrorsFromSession->handle(Object(Illuminate/Http/Request), Object(Closure))
#21 C:/xampp/htdocs/laravel/examen_laravel_arm/vendor/laravel/framework/src/Illuminate/Session/Middleware/StartSession.php(120): Illuminate/Pipeline/Pipeline->Illuminate/Pipeline/{closure}(Object(Illuminate/Http/Request))
#22 C:/xampp/htdocs/laravel/examen_laravel_arm/vendor/laravel/framework/src/Illuminate/Session/Middleware/StartSession.php(63): Illuminate/Session/Middleware/StartSession->handleStatefulRequest(Object(Illuminate/Http/Request), Object(Illuminate/Session/Store), Object(Closure))
#23 C:/xampp/htdocs/laravel/examen_laravel_arm/vendor/laravel/framework/src/Illuminate/Pipeline/Pipeline.php(219): Illuminate/Session/Middleware/StartSession->handle(Object(Illuminate/Http/Request), Object(Closure))
#24 C:/xampp/htdocs/laravel/examen_laravel_arm/vendor/laravel/framework/src/Illuminate/Cookie/Middleware/AddQueuedCookiesToResponse.php(36): Illuminate/Pipeline/Pipeline->Illuminate/Pipeline/{closure}(Object(Illuminate/Http/Request))
#25 C:/xampp/htdocs/laravel/examen_laravel_arm/vendor/laravel/framework/src/Illuminate/Pipeline/Pipeline.php(219): Illuminate/Cookie/Middleware/AddQueuedCookiesToResponse->handle(Object(Illuminate/Http/Request), Object(Closure))
#26 C:/xampp/htdocs/laravel/examen_laravel_arm/vendor/laravel/framework/src/Illuminate/Cookie/Middleware/EncryptCookies.php(74): Illuminate/Pipeline/Pipeline->Illuminate/Pipeline/{closure}(Object(Illuminate/Http/Request))
#27 C:/xampp/htdocs/laravel/examen_laravel_arm/vendor/laravel/framework/src/Illuminate/Pipeline/Pipeline.php(219): Illuminate/Cookie/Middleware/EncryptCookies->handle(Object(Illuminate/Http/Request), Object(Closure))
#28 C:/xampp/htdocs/laravel/examen_laravel_arm/vendor/laravel/framework/src/Illuminate/Pipeline/Pipeline.php(137): Illuminate/Pipeline/Pipeline->Illuminate/Pipeline/{closure}(Object(Illuminate/Http/Request))
#29 C:/xampp/htdocs/laravel/examen_laravel_arm/vendor/laravel/framework/src/Illuminate/Routing/Router.php(821): Illuminate/Pipeline/Pipeline->then(Object(Closure))
#30 C:/xampp/htdocs/laravel/examen_laravel_arm/vendor/laravel/framework/src/Illuminate/Routing/Router.php(800): Illuminate/Routing/Router->runRouteWithinStack(Object(Illuminate/Routing/Route), Object(Illuminate/Http/Request))
#31 C:/xampp/htdocs/laravel/examen_laravel_arm/vendor/laravel/framework/src/Illuminate/Routing/Router.php(764): Illuminate/Routing/Router->runRoute(Object(Illuminate/Http/Request), Object(Illuminate/Routing/Route))
#32 C:/xampp/htdocs/laravel/examen_laravel_arm/vendor/laravel/framework/src/Illuminate/Routing/Router.php(753): Illuminate/Routing/Router->dispatchToRoute(Object(Illuminate/Http/Request))
#33 C:/xampp/htdocs/laravel/examen_laravel_arm/vendor/laravel/framework/src/Illuminate/Foundation/Http/Kernel.php(200): Illuminate/Routing/Router->dispatch(Object(Illuminate/Http/Request))
#34 C:/xampp/htdocs/laravel/examen_laravel_arm/vendor/laravel/framework/src/Illuminate/Pipeline/Pipeline.php(180): Illuminate/Foundation/Http/Kernel->Illuminate/Foundation/Http/{closure}(Object(Illuminate/Http/Request))
#35 C:/xampp/htdocs/laravel/examen_laravel_arm/vendor/laravel/framework/src/Illuminate/Foundation/Http/Middleware/TransformsRequest.php(21): Illuminate/Pipeline/Pipeline->Illuminate/Pipeline/{closure}(Object(Illuminate/Http/Request))
#36 C:/xampp/htdocs/laravel/examen_laravel_arm/vendor/laravel/framework/src/Illuminate/Foundation/Http/Middleware/ConvertEmptyStringsToNull.php(31): Illuminate/Foundation/Http/Middleware/TransformsRequest->handle(Object(Illuminate/Http/Request), Object(Closure))
#37 C:/xampp/htdocs/laravel/examen_laravel_arm/vendor/laravel/framework/src/Illuminate/Pipeline/Pipeline.php(219): Illuminate/Foundation/Http/Middleware/ConvertEmptyStringsToNull->handle(Object(Illuminate/Http/Request), Object(Closure))
#38 C:/xampp/htdocs/laravel/examen_laravel_arm/vendor/laravel/framework/src/Illuminate/Foundation/Http/Middleware/TransformsRequest.php(21): Illuminate/Pipeline/Pipeline->Illuminate/Pipeline/{closure}(Object(Illuminate/Http/Request))
#39 C:/xampp/htdocs/laravel/examen_laravel_arm/vendor/laravel/framework/src/Illuminate/Foundation/Http/Middleware/TrimStrings.php(51): Illuminate/Foundation/Http/Middleware/TransformsRequest->handle(Object(Illuminate/Http/Request), Object(Closure))
#40 C:/xampp/htdocs/laravel/examen_laravel_arm/vendor/laravel/framework/src/Illuminate/Pipeline/Pipeline.php(219): Illuminate/Foundation/Http/Middleware/TrimStrings->handle(Object(Illuminate/Http/Request), Object(Closure))
#41 C:/xampp/htdocs/laravel/examen_laravel_arm/vendor/laravel/framework/src/Illuminate/Http/Middleware/ValidatePostSize.php(27): Illuminate/Pipeline/Pipeline->Illuminate/Pipeline/{closure}(Object(Illuminate/Http/Request))
#42 C:/xampp/htdocs/laravel/examen_laravel_arm/vendor/laravel/framework/src/Illuminate/Pipeline/Pipeline.php(219): Illuminate/Http/Middleware/ValidatePostSize->handle(Object(Illuminate/Http/Request), Object(Closure))
#43 C:/xampp/htdocs/laravel/examen_laravel_arm/vendor/laravel/framework/src/Illuminate/Foundation/Http/Middleware/PreventRequestsDuringMaintenance.php(109): Illuminate/Pipeline/Pipeline->Illuminate/Pipeline/{closure}(Object(Illuminate/Http/Request))
#44 C:/xampp/htdocs/laravel/examen_laravel_arm/vendor/laravel/framework/src/Illuminate/Pipeline/Pipeline.php(219): Illuminate/Foundation/Http/Middleware/PreventRequestsDuringMaintenance->handle(Object(Illuminate/Http/Request), Object(Closure))
#45 C:/xampp/htdocs/laravel/examen_laravel_arm/vendor/laravel/framework/src/Illuminate/Http/Middleware/HandleCors.php(61): Illuminate/Pipeline/Pipeline->Illuminate/Pipeline/{closure}(Object(Illuminate/Http/Request))
#46 C:/xampp/htdocs/laravel/examen_laravel_arm/vendor/laravel/framework/src/Illuminate/Pipeline/Pipeline.php(219): Illuminate/Http/Middleware/HandleCors->handle(Object(Illuminate/Http/Request), Object(Closure))
#47 C:/xampp/htdocs/laravel/examen_laravel_arm/vendor/laravel/framework/src/Illuminate/Http/Middleware/TrustProxies.php(58): Illuminate/Pipeline/Pipeline->Illuminate/Pipeline/{closure}(Object(Illuminate/Http/Request))
#48 C:/xampp/htdocs/laravel/examen_laravel_arm/vendor/laravel/framework/src/Illuminate/Pipeline/Pipeline.php(219): Illuminate/Http/Middleware/TrustProxies->handle(Object(Illuminate/Http/Request), Object(Closure))
#49 C:/xampp/htdocs/laravel/examen_laravel_arm/vendor/laravel/framework/src/Illuminate/Foundation/Http/Middleware/InvokeDeferredCallbacks.php(22): Illuminate/Pipeline/Pipeline->Illuminate/Pipeline/{closure}(Object(Illuminate/Http/Request))
#50 C:/xampp/htdocs/laravel/examen_laravel_arm/vendor/laravel/framework/src/Illuminate/Pipeline/Pipeline.php(219): Illuminate/Foundation/Http/Middleware/InvokeDeferredCallbacks->handle(Object(Illuminate/Http/Request), Object(Closure))
#51 C:/xampp/htdocs/laravel/examen_laravel_arm/vendor/laravel/framework/src/Illuminate/Http/Middleware/ValidatePathEncoding.php(26): Illuminate/Pipeline/Pipeline->Illuminate/Pipeline/{closure}(Object(Illuminate/Http/Request))
#52 C:/xampp/htdocs/laravel/examen_laravel_arm/vendor/laravel/framework/src/Illuminate/Pipeline/Pipeline.php(219): Illuminate/Http/Middleware/ValidatePathEncoding->handle(Object(Illuminate/Http/Request), Object(Closure))
#53 C:/xampp/htdocs/laravel/examen_laravel_arm/vendor/laravel/framework/src/Illuminate/Pipeline/Pipeline.php(137): Illuminate/Pipeline/Pipeline->Illuminate/Pipeline/{closure}(Object(Illuminate/Http/Request))
#54 C:/xampp/htdocs/laravel/examen_laravel_arm/vendor/laravel/framework/src/Illuminate/Foundation/Http/Kernel.php(175): Illuminate/Pipeline/Pipeline->then(Object(Closure))
#55 C:/xampp/htdocs/laravel/examen_laravel_arm/vendor/laravel/framework/src/Illuminate/Foundation/Http/Kernel.php(144): Illuminate/Foundation/Http/Kernel->sendRequestThroughRouter(Object(Illuminate/Http/Request))
#56 C:/xampp/htdocs/laravel/examen_laravel_arm/vendor/laravel/framework/src/Illuminate/Foundation/Application.php(1220): Illuminate/Foundation/Http/Kernel->handle(Object(Illuminate/Http/Request))
#57 C:/xampp/htdocs/laravel/examen_laravel_arm/public/index.php(20): Illuminate/Foundation/Application->handleRequest(Object(Illuminate/Http/Request))
#58 C:/xampp/htdocs/laravel/examen_laravel_arm/vendor/laravel/framework/src/Illuminate/Foundation/resources/server.php(23): require_once('C://xampp//htdocs...')
#59 {main}

[previous exception] [object] (PDOException(code: 42S02): SQLSTATE[42S02]: Base table or view not found: 1146 Table 'laravel_examen_arm.products_arm' doesn't exist at C:/xampp/htdocs/laravel/examen_laravel_arm/vendor/laravel/framework/src/Illuminate/Database/Connection.php:420)
[stacktrace]
#0 C:/xampp/htdocs/laravel/examen_laravel_arm/vendor/laravel/framework/src/Illuminate/Database/Connection.php(420): PDO->prepare('select * from `...')
#1 C:/xampp/htdocs/laravel/examen_laravel_arm/vendor/laravel/framework/src/Illuminate/Database/Connection.php(827): Illuminate/Database/Connection->Illuminate/Database/{closure}('select * from `...', Array)
#2 C:/xampp/htdocs/laravel/examen_laravel_arm/vendor/laravel/framework/src/Illuminate/Database/Connection.php(794): Illuminate/Database/Connection->runQueryCallback('select * from `...', Array, Object(Closure))
#3 C:/xampp/htdocs/laravel/examen_laravel_arm/vendor/laravel/framework/src/Illuminate/Database/Connection.php(411): Illuminate/Database/Connection->run('select * from `...', Array, Object(Closure))
#4 C:/xampp/htdocs/laravel/examen_laravel_arm/vendor/laravel/framework/src/Illuminate/Database/Query/Builder.php(3389): Illuminate/Database/Connection->select('select * from `...', Array, true)
#5 C:/xampp/htdocs/laravel/examen_laravel_arm/vendor/laravel/framework/src/Illuminate/Database/Query/Builder.php(3374): Illuminate/Database/Query/Builder->runSelect()
#6 C:/xampp/htdocs/laravel/examen_laravel_arm/vendor/laravel/framework/src/Illuminate/Database/Query/Builder.php(3964): Illuminate/Database/Query/Builder->Illuminate/Database/Query/{closure}()
#7 C:/xampp/htdocs/laravel/examen_laravel_arm/vendor/laravel/framework/src/Illuminate/Database/Query/Builder.php(3373): Illuminate/Database/Query/Builder->onceWithColumns(Array, Object(Closure))
#8 C:/xampp/htdocs/laravel/examen_laravel_arm/vendor/laravel/framework/src/Illuminate/Database/Eloquent/Builder.php(902): Illuminate/Database/Query/Builder->get(Array)
#9 C:/xampp/htdocs/laravel/examen_laravel_arm/vendor/laravel/framework/src/Illuminate/Database/Eloquent/Builder.php(884): Illuminate/Database/Eloquent/Builder->getModels(Array)
#10 C:/xampp/htdocs/laravel/examen_laravel_arm/vendor/laravel/framework/src/Illuminate/Database/Eloquent/Model.php(770): Illuminate/Database/Eloquent/Builder->get(Array)
#11 C:/xampp/htdocs/laravel/examen_laravel_arm/app/Http/Controllers/ProductARMController.php(15): Illuminate/Database/Eloquent/Model::all()
#12 C:/xampp/htdocs/laravel/examen_laravel_arm/vendor/laravel/framework/src/Illuminate/Routing/ControllerDispatcher.php(46): App/Http/Controllers/ProductARMController->index()
#13 C:/xampp/htdocs/laravel/examen_laravel_arm/vendor/laravel/framework/src/Illuminate/Routing/Route.php(265): Illuminate/Routing/ControllerDispatcher->dispatch(Object(Illuminate/Routing/Route), Object(App/Http/Controllers/ProductARMController), 'index')
#14 C:/xampp/htdocs/laravel/examen_laravel_arm/vendor/laravel/framework/src/Illuminate/Routing/Route.php(211): Illuminate/Routing/Route->runController()
#15 C:/xampp/htdocs/laravel/examen_laravel_arm/vendor/laravel/framework/src/Illuminate/Routing/Router.php(822): Illuminate/Routing/Route->run()
#16 C:/xampp/htdocs/laravel/examen_laravel_arm/vendor/laravel/framework/src/Illuminate/Pipeline/Pipeline.php(180): Illuminate/Routing/Router->Illuminate/Routing/{closure}(Object(Illuminate/Http/Request))
#17 C:/xampp/htdocs/laravel/examen_laravel_arm/vendor/laravel/framework/src/Illuminate/Routing/Middleware/SubstituteBindings.php(50): Illuminate/Pipeline/Pipeline->Illuminate/Pipeline/{closure}(Object(Illuminate/Http/Request))
#18 C:/xampp/htdocs/laravel/examen_laravel_arm/vendor/laravel/framework/src/Illuminate/Pipeline/Pipeline.php(219): Illuminate/Routing/Middleware/SubstituteBindings->handle(Object(Illuminate/Http/Request), Object(Closure))
#19 C:/xampp/htdocs/laravel/examen_laravel_arm/vendor/laravel/framework/src/Illuminate/Foundation/Http/Middleware/VerifyCsrfToken.php(87): Illuminate/Pipeline/Pipeline->Illuminate/Pipeline/{closure}(Object(Illuminate/Http/Request))
#20 C:/xampp/htdocs/laravel/examen_laravel_arm/vendor/laravel/framework/src/Illuminate/Pipeline/Pipeline.php(219): Illuminate/Foundation/Http/Middleware/VerifyCsrfToken->handle(Object(Illuminate/Http/Request), Object(Closure))
#21 C:/xampp/htdocs/laravel/examen_laravel_arm/vendor/laravel/framework/src/Illuminate/View/Middleware/ShareErrorsFromSession.php(48): Illuminate/Pipeline/Pipeline->Illuminate/Pipeline/{closure}(Object(Illuminate/Http/Request))
#22 C:/xampp/htdocs/laravel/examen_laravel_arm/vendor/laravel/framework/src/Illuminate/Pipeline/Pipeline.php(219): Illuminate/View/Middleware/ShareErrorsFromSession->handle(Object(Illuminate/Http/Request), Object(Closure))
#23 C:/xampp/htdocs/laravel/examen_laravel_arm/vendor/laravel/framework/src/Illuminate/Session/Middleware/StartSession.php(120): Illuminate/Pipeline/Pipeline->Illuminate/Pipeline/{closure}(Object(Illuminate/Http/Request))
#24 C:/xampp/htdocs/laravel/examen_laravel_arm/vendor/laravel/framework/src/Illuminate/Session/Middleware/StartSession.php(63): Illuminate/Session/Middleware/StartSession->handleStatefulRequest(Object(Illuminate/Http/Request), Object(Illuminate/Session/Store), Object(Closure))
#25 C:/xampp/htdocs/laravel/examen_laravel_arm/vendor/laravel/framework/src/Illuminate/Pipeline/Pipeline.php(219): Illuminate/Session/Middleware/StartSession->handle(Object(Illuminate/Http/Request), Object(Closure))
#26 C:/xampp/htdocs/laravel/examen_laravel_arm/vendor/laravel/framework/src/Illuminate/Cookie/Middleware/AddQueuedCookiesToResponse.php(36): Illuminate/Pipeline/Pipeline->Illuminate/Pipeline/{closure}(Object(Illuminate/Http/Request))
#27 C:/xampp/htdocs/laravel/examen_laravel_arm/vendor/laravel/framework/src/Illuminate/Pipeline/Pipeline.php(219): Illuminate/Cookie/Middleware/AddQueuedCookiesToResponse->handle(Object(Illuminate/Http/Request), Object(Closure))
#28 C:/xampp/htdocs/laravel/examen_laravel_arm/vendor/laravel/framework/src/Illuminate/Cookie/Middleware/EncryptCookies.php(74): Illuminate/Pipeline/Pipeline->Illuminate/Pipeline/{closure}(Object(Illuminate/Http/Request))
#29 C:/xampp/htdocs/laravel/examen_laravel_arm/vendor/laravel/framework/src/Illuminate/Pipeline/Pipeline.php(219): Illuminate/Cookie/Middleware/EncryptCookies->handle(Object(Illuminate/Http/Request), Object(Closure))
#30 C:/xampp/htdocs/laravel/examen_laravel_arm/vendor/laravel/framework/src/Illuminate/Pipeline/Pipeline.php(137): Illuminate/Pipeline/Pipeline->Illuminate/Pipeline/{closure}(Object(Illuminate/Http/Request))
#31 C:/xampp/htdocs/laravel/examen_laravel_arm/vendor/laravel/framework/src/Illuminate/Routing/Router.php(821): Illuminate/Pipeline/Pipeline->then(Object(Closure))
#32 C:/xampp/htdocs/laravel/examen_laravel_arm/vendor/laravel/framework/src/Illuminate/Routing/Router.php(800): Illuminate/Routing/Router->runRouteWithinStack(Object(Illuminate/Routing/Route), Object(Illuminate/Http/Request))
#33 C:/xampp/htdocs/laravel/examen_laravel_arm/vendor/laravel/framework/src/Illuminate/Routing/Router.php(764): Illuminate/Routing/Router->runRoute(Object(Illuminate/Http/Request), Object(Illuminate/Routing/Route))
#34 C:/xampp/htdocs/laravel/examen_laravel_arm/vendor/laravel/framework/src/Illuminate/Routing/Router.php(753): Illuminate/Routing/Router->dispatchToRoute(Object(Illuminate/Http/Request))
#35 C:/xampp/htdocs/laravel/examen_laravel_arm/vendor/laravel/framework/src/Illuminate/Foundation/Http/Kernel.php(200): Illuminate/Routing/Router->dispatch(Object(Illuminate/Http/Request))
#36 C:/xampp/htdocs/laravel/examen_laravel_arm/vendor/laravel/framework/src/Illuminate/Pipeline/Pipeline.php(180): Illuminate/Foundation/Http/Kernel->Illuminate/Foundation/Http/{closure}(Object(Illuminate/Http/Request))
#37 C:/xampp/htdocs/laravel/examen_laravel_arm/vendor/laravel/framework/src/Illuminate/Foundation/Http/Middleware/TransformsRequest.php(21): Illuminate/Pipeline/Pipeline->Illuminate/Pipeline/{closure}(Object(Illuminate/Http/Request))
#38 C:/xampp/htdocs/laravel/examen_laravel_arm/vendor/laravel/framework/src/Illuminate/Foundation/Http/Middleware/ConvertEmptyStringsToNull.php(31): Illuminate/Foundation/Http/Middleware/TransformsRequest->handle(Object(Illuminate/Http/Request), Object(Closure))
#39 C:/xampp/htdocs/laravel/examen_laravel_arm/vendor/laravel/framework/src/Illuminate/Pipeline/Pipeline.php(219): Illuminate/Foundation/Http/Middleware/ConvertEmptyStringsToNull->handle(Object(Illuminate/Http/Request), Object(Closure))
#40 C:/xampp/htdocs/laravel/examen_laravel_arm/vendor/laravel/framework/src/Illuminate/Foundation/Http/Middleware/TransformsRequest.php(21): Illuminate/Pipeline/Pipeline->Illuminate/Pipeline/{closure}(Object(Illuminate/Http/Request))
#41 C:/xampp/htdocs/laravel/examen_laravel_arm/vendor/laravel/framework/src/Illuminate/Foundation/Http/Middleware/TrimStrings.php(51): Illuminate/Foundation/Http/Middleware/TransformsRequest->handle(Object(Illuminate/Http/Request), Object(Closure))
#42 C:/xampp/htdocs/laravel/examen_laravel_arm/vendor/laravel/framework/src/Illuminate/Pipeline/Pipeline.php(219): Illuminate/Foundation/Http/Middleware/TrimStrings->handle(Object(Illuminate/Http/Request), Object(Closure))
#43 C:/xampp/htdocs/laravel/examen_laravel_arm/vendor/laravel/framework/src/Illuminate/Http/Middleware/ValidatePostSize.php(27): Illuminate/Pipeline/Pipeline->Illuminate/Pipeline/{closure}(Object(Illuminate/Http/Request))
#44 C:/xampp/htdocs/laravel/examen_laravel_arm/vendor/laravel/framework/src/Illuminate/Pipeline/Pipeline.php(219): Illuminate/Http/Middleware/ValidatePostSize->handle(Object(Illuminate/Http/Request), Object(Closure))
#45 C:/xampp/htdocs/laravel/examen_laravel_arm/vendor/laravel/framework/src/Illuminate/Foundation/Http/Middleware/PreventRequestsDuringMaintenance.php(109): Illuminate/Pipeline/Pipeline->Illuminate/Pipeline/{closure}(Object(Illuminate/Http/Request))
#46 C:/xampp/htdocs/laravel/examen_laravel_arm/vendor/laravel/framework/src/Illuminate/Pipeline/Pipeline.php(219): Illuminate/Foundation/Http/Middleware/PreventRequestsDuringMaintenance->handle(Object(Illuminate/Http/Request), Object(Closure))
#47 C:/xampp/htdocs/laravel/examen_laravel_arm/vendor/laravel/framework/src/Illuminate/Http/Middleware/HandleCors.php(61): Illuminate/Pipeline/Pipeline->Illuminate/Pipeline/{closure}(Object(Illuminate/Http/Request))
#48 C:/xampp/htdocs/laravel/examen_laravel_arm/vendor/laravel/framework/src/Illuminate/Pipeline/Pipeline.php(219): Illuminate/Http/Middleware/HandleCors->handle(Object(Illuminate/Http/Request), Object(Closure))
#49 C:/xampp/htdocs/laravel/examen_laravel_arm/vendor/laravel/framework/src/Illuminate/Http/Middleware/TrustProxies.php(58): Illuminate/Pipeline/Pipeline->Illuminate/Pipeline/{closure}(Object(Illuminate/Http/Request))
#50 C:/xampp/htdocs/laravel/examen_laravel_arm/vendor/laravel/framework/src/Illuminate/Pipeline/Pipeline.php(219): Illuminate/Http/Middleware/TrustProxies->handle(Object(Illuminate/Http/Request), Object(Closure))
#51 C:/xampp/htdocs/laravel/examen_laravel_arm/vendor/laravel/framework/src/Illuminate/Foundation/Http/Middleware/InvokeDeferredCallbacks.php(22): Illuminate/Pipeline/Pipeline->Illuminate/Pipeline/{closure}(Object(Illuminate/Http/Request))
#52 C:/xampp/htdocs/laravel/examen_laravel_arm/vendor/laravel/framework/src/Illuminate/Pipeline/Pipeline.php(219): Illuminate/Foundation/Http/Middleware/InvokeDeferredCallbacks->handle(Object(Illuminate/Http/Request), Object(Closure))
#53 C:/xampp/htdocs/laravel/examen_laravel_arm/vendor/laravel/framework/src/Illuminate/Http/Middleware/ValidatePathEncoding.php(26): Illuminate/Pipeline/Pipeline->Illuminate/Pipeline/{closure}(Object(Illuminate/Http/Request))
#54 C:/xampp/htdocs/laravel/examen_laravel_arm/vendor/laravel/framework/src/Illuminate/Pipeline/Pipeline.php(219): Illuminate/Http/Middleware/ValidatePathEncoding->handle(Object(Illuminate/Http/Request), Object(Closure))
#55 C:/xampp/htdocs/laravel/examen_laravel_arm/vendor/laravel/framework/src/Illuminate/Pipeline/Pipeline.php(137): Illuminate/Pipeline/Pipeline->Illuminate/Pipeline/{closure}(Object(Illuminate/Http/Request))
#56 C:/xampp/htdocs/laravel/examen_laravel_arm/vendor/laravel/framework/src/Illuminate/Foundation/Http/Kernel.php(175): Illuminate/Pipeline/Pipeline->then(Object(Closure))
#57 C:/xampp/htdocs/laravel/examen_laravel_arm/vendor/laravel/framework/src/Illuminate/Foundation/Http/Kernel.php(144): Illuminate/Foundation/Http/Kernel->sendRequestThroughRouter(Object(Illuminate/Http/Request))
#58 C:/xampp/htdocs/laravel/examen_laravel_arm/vendor/laravel/framework/src/Illuminate/Foundation/Application.php(1220): Illuminate/Foundation/Http/Kernel->handle(Object(Illuminate/Http/Request))
#59 C:/xampp/htdocs/laravel/examen_laravel_arm/public/index.php(20): Illuminate/Foundation/Application->handleRequest(Object(Illuminate/Http/Request))
#60 C:/xampp/htdocs/laravel/examen_laravel_arm/vendor/laravel/framework/src/Illuminate/Foundation/resources/server.php(23): require_once('C://xampp//htdocs...')
#61 {main}
"} 
[2026-02-02 12:34:26] local.ERROR: SQLSTATE[42S01]: Base table or view already exists: 1050 Table 'users' already exists (Connection: mysql, Host: 127.0.0.1, Port: 3306, Database: laravel_examen_ARM, SQL: create table `users` (`id` bigint unsigned not null auto_increment primary key, `name` varchar(255) not null, `email` varchar(255) not null, `email_verified_at` timestamp null, `password` varchar(255) not null, `remember_token` varchar(100) null, `created_at` timestamp null, `updated_at` timestamp null) default character set utf8mb4 collate 'utf8mb4_unicode_ci') {"exception":"[object] (Illuminate\\Database\\QueryException(code: 42S01): SQLSTATE[42S01]: Base table or view already exists: 1050 Table 'users' already exists (Connection: mysql, Host: 127.0.0.1, Port: 3306, Database: laravel_examen_ARM, SQL: create table `users` (`id` bigint unsigned not null auto_increment primary key, `name` varchar(255) not null, `email` varchar(255) not null, `email_verified_at` timestamp null, `password` varchar(255) not null, `remember_token` varchar(100) null, `created_at` timestamp null, `updated_at` timestamp null) default character set utf8mb4 collate 'utf8mb4_unicode_ci') at C:/xampp/htdocs/laravel/examen_laravel_arm/vendor/laravel/framework/src/Illuminate/Database/Connection.php:838)
[stacktrace]
#0 C:/xampp/htdocs/laravel/examen_laravel_arm/vendor/laravel/framework/src/Illuminate/Database/Connection.php(794): Illuminate/Database/Connection->runQueryCallback('create table `u...', Array, Object(Closure))
#1 C:/xampp/htdocs/laravel/examen_laravel_arm/vendor/laravel/framework/src/Illuminate/Database/Connection.php(573): Illuminate/Database/Connection->run('create table `u...', Array, Object(Closure))
#2 C:/xampp/htdocs/laravel/examen_laravel_arm/vendor/laravel/framework/src/Illuminate/Database/Schema/Blueprint.php(121): Illuminate/Database/Connection->statement('create table `u...')
#3 C:/xampp/htdocs/laravel/examen_laravel_arm/vendor/laravel/framework/src/Illuminate/Database/Schema/Builder.php(684): Illuminate/Database/Schema/Blueprint->build()
#4 C:/xampp/htdocs/laravel/examen_laravel_arm/vendor/laravel/framework/src/Illuminate/Database/Schema/Builder.php(506): Illuminate/Database/Schema/Builder->build(Object(Illuminate/Database/Schema/Blueprint))
#5 C:/xampp/htdocs/laravel/examen_laravel_arm/vendor/laravel/framework/src/Illuminate/Support/Facades/Facade.php(363): Illuminate/Database/Schema/Builder->create('users', Object(Closure))
#6 C:/xampp/htdocs/laravel/examen_laravel_arm/database/migrations/0001_01_01_000000_create_users_table_arm.php(14): Illuminate/Support/Facades/Facade::__callStatic('create', Array)
#7 C:/xampp/htdocs/laravel/examen_laravel_arm/vendor/laravel/framework/src/Illuminate/Database/Migrations/Migrator.php(517): Illuminate/Database/Migrations/Migration@anonymous->up()
#8 C:/xampp/htdocs/laravel/examen_laravel_arm/vendor/laravel/framework/src/Illuminate/Database/Migrations/Migrator.php(442): Illuminate/Database/Migrations/Migrator->runMethod(Object(Illuminate/Database/MySqlConnection), Object(Illuminate/Database/Migrations/Migration@anonymous), 'up')
#9 C:/xampp/htdocs/laravel/examen_laravel_arm/vendor/laravel/framework/src/Illuminate/Database/Migrations/Migrator.php(451): Illuminate/Database/Migrations/Migrator->Illuminate/Database/Migrations/{closure}()
#10 C:/xampp/htdocs/laravel/examen_laravel_arm/vendor/laravel/framework/src/Illuminate/Database/Migrations/Migrator.php(253): Illuminate/Database/Migrations/Migrator->runMigration(Object(Illuminate/Database/Migrations/Migration@anonymous), 'up')
#11 C:/xampp/htdocs/laravel/examen_laravel_arm/vendor/laravel/framework/src/Illuminate/Console/View/Components/Task.php(41): Illuminate/Database/Migrations/Migrator->Illuminate/Database/Migrations/{closure}()
#12 C:/xampp/htdocs/laravel/examen_laravel_arm/vendor/laravel/framework/src/Illuminate/Database/Migrations/Migrator.php(812): Illuminate/Console/View/Components/Task->render('0001_01_01_0000...', Object(Closure))
#13 C:/xampp/htdocs/laravel/examen_laravel_arm/vendor/laravel/framework/src/Illuminate/Database/Migrations/Migrator.php(253): Illuminate/Database/Migrations/Migrator->write('Illuminate//Cons...', '0001_01_01_0000...', Object(Closure))
#14 C:/xampp/htdocs/laravel/examen_laravel_arm/vendor/laravel/framework/src/Illuminate/Database/Migrations/Migrator.php(211): Illuminate/Database/Migrations/Migrator->runUp('C://xampp//htdocs...', 1, false)
#15 C:/xampp/htdocs/laravel/examen_laravel_arm/vendor/laravel/framework/src/Illuminate/Database/Migrations/Migrator.php(138): Illuminate/Database/Migrations/Migrator->runPending(Array, Array)
#16 C:/xampp/htdocs/laravel/examen_laravel_arm/vendor/laravel/framework/src/Illuminate/Database/Console/Migrations/MigrateCommand.php(116): Illuminate/Database/Migrations/Migrator->run(Array, Array)
#17 C:/xampp/htdocs/laravel/examen_laravel_arm/vendor/laravel/framework/src/Illuminate/Database/Migrations/Migrator.php(669): Illuminate/Database/Console/Migrations/MigrateCommand->Illuminate/Database/Console/Migrations/{closure}()
#18 C:/xampp/htdocs/laravel/examen_laravel_arm/vendor/laravel/framework/src/Illuminate/Database/Console/Migrations/MigrateCommand.php(109): Illuminate/Database/Migrations/Migrator->usingConnection(NULL, Object(Closure))
#19 C:/xampp/htdocs/laravel/examen_laravel_arm/vendor/laravel/framework/src/Illuminate/Database/Console/Migrations/MigrateCommand.php(88): Illuminate/Database/Console/Migrations/MigrateCommand->runMigrations()
#20 C:/xampp/htdocs/laravel/examen_laravel_arm/vendor/laravel/framework/src/Illuminate/Container/BoundMethod.php(36): Illuminate/Database/Console/Migrations/MigrateCommand->handle()
#21 C:/xampp/htdocs/laravel/examen_laravel_arm/vendor/laravel/framework/src/Illuminate/Container/Util.php(43): Illuminate/Container/BoundMethod::Illuminate/Container/{closure}()
#22 C:/xampp/htdocs/laravel/examen_laravel_arm/vendor/laravel/framework/src/Illuminate/Container/BoundMethod.php(96): Illuminate/Container/Util::unwrapIfClosure(Object(Closure))
#23 C:/xampp/htdocs/laravel/examen_laravel_arm/vendor/laravel/framework/src/Illuminate/Container/BoundMethod.php(35): Illuminate/Container/BoundMethod::callBoundMethod(Object(Illuminate/Foundation/Application), Array, Object(Closure))
#24 C:/xampp/htdocs/laravel/examen_laravel_arm/vendor/laravel/framework/src/Illuminate/Container/Container.php(799): Illuminate/Container/BoundMethod::call(Object(Illuminate/Foundation/Application), Array, Array, NULL)
#25 C:/xampp/htdocs/laravel/examen_laravel_arm/vendor/laravel/framework/src/Illuminate/Console/Command.php(211): Illuminate/Container/Container->call(Array)
#26 C:/xampp/htdocs/laravel/examen_laravel_arm/vendor/symfony/console/Command/Command.php(341): Illuminate/Console/Command->execute(Object(Symfony/Component/Console/Input/ArrayInput), Object(Illuminate/Console/OutputStyle))
#27 C:/xampp/htdocs/laravel/examen_laravel_arm/vendor/laravel/framework/src/Illuminate/Console/Command.php(180): Symfony/Component/Console/Command/Command->run(Object(Symfony/Component/Console/Input/ArrayInput), Object(Illuminate/Console/OutputStyle))
#28 C:/xampp/htdocs/laravel/examen_laravel_arm/vendor/laravel/framework/src/Illuminate/Console/Concerns/CallsCommands.php(68): Illuminate/Console/Command->run(Object(Symfony/Component/Console/Input/ArrayInput), Object(Illuminate/Console/OutputStyle))
#29 C:/xampp/htdocs/laravel/examen_laravel_arm/vendor/laravel/framework/src/Illuminate/Console/Concerns/CallsCommands.php(29): Illuminate/Console/Command->runCommand('migrate', Array, Object(Illuminate/Console/OutputStyle))
#30 C:/xampp/htdocs/laravel/examen_laravel_arm/vendor/laravel/framework/src/Illuminate/Database/Console/Migrations/FreshCommand.php(81): Illuminate/Console/Command->call('migrate', Array)
#31 C:/xampp/htdocs/laravel/examen_laravel_arm/vendor/laravel/framework/src/Illuminate/Container/BoundMethod.php(36): Illuminate/Database/Console/Migrations/FreshCommand->handle()
#32 C:/xampp/htdocs/laravel/examen_laravel_arm/vendor/laravel/framework/src/Illuminate/Container/Util.php(43): Illuminate/Container/BoundMethod::Illuminate/Container/{closure}()
#33 C:/xampp/htdocs/laravel/examen_laravel_arm/vendor/laravel/framework/src/Illuminate/Container/BoundMethod.php(96): Illuminate/Container/Util::unwrapIfClosure(Object(Closure))
#34 C:/xampp/htdocs/laravel/examen_laravel_arm/vendor/laravel/framework/src/Illuminate/Container/BoundMethod.php(35): Illuminate/Container/BoundMethod::callBoundMethod(Object(Illuminate/Foundation/Application), Array, Object(Closure))
#35 C:/xampp/htdocs/laravel/examen_laravel_arm/vendor/laravel/framework/src/Illuminate/Container/Container.php(799): Illuminate/Container/BoundMethod::call(Object(Illuminate/Foundation/Application), Array, Array, NULL)
#36 C:/xampp/htdocs/laravel/examen_laravel_arm/vendor/laravel/framework/src/Illuminate/Console/Command.php(211): Illuminate/Container/Container->call(Array)
#37 C:/xampp/htdocs/laravel/examen_laravel_arm/vendor/symfony/console/Command/Command.php(341): Illuminate/Console/Command->execute(Object(Symfony/Component/Console/Input/ArgvInput), Object(Illuminate/Console/OutputStyle))
#38 C:/xampp/htdocs/laravel/examen_laravel_arm/vendor/laravel/framework/src/Illuminate/Console/Command.php(180): Symfony/Component/Console/Command/Command->run(Object(Symfony/Component/Console/Input/ArgvInput), Object(Illuminate/Console/OutputStyle))
#39 C:/xampp/htdocs/laravel/examen_laravel_arm/vendor/symfony/console/Application.php(1102): Illuminate/Console/Command->run(Object(Symfony/Component/Console/Input/ArgvInput), Object(Symfony/Component/Console/Output/ConsoleOutput))
#40 C:/xampp/htdocs/laravel/examen_laravel_arm/vendor/symfony/console/Application.php(356): Symfony/Component/Console/Application->doRunCommand(Object(Illuminate/Database/Console/Migrations/FreshCommand), Object(Symfony/Component/Console/Input/ArgvInput), Object(Symfony/Component/Console/Output/ConsoleOutput))
#41 C:/xampp/htdocs/laravel/examen_laravel_arm/vendor/symfony/console/Application.php(195): Symfony/Component/Console/Application->doRun(Object(Symfony/Component/Console/Input/ArgvInput), Object(Symfony/Component/Console/Output/ConsoleOutput))
#42 C:/xampp/htdocs/laravel/examen_laravel_arm/vendor/laravel/framework/src/Illuminate/Foundation/Console/Kernel.php(198): Symfony/Component/Console/Application->run(Object(Symfony/Component/Console/Input/ArgvInput), Object(Symfony/Component/Console/Output/ConsoleOutput))
#43 C:/xampp/htdocs/laravel/examen_laravel_arm/vendor/laravel/framework/src/Illuminate/Foundation/Application.php(1235): Illuminate/Foundation/Console/Kernel->handle(Object(Symfony/Component/Console/Input/ArgvInput), Object(Symfony/Component/Console/Output/ConsoleOutput))
#44 C:/xampp/htdocs/laravel/examen_laravel_arm/artisan(16): Illuminate/Foundation/Application->handleCommand(Object(Symfony/Component/Console/Input/ArgvInput))
#45 {main}

[previous exception] [object] (PDOException(code: 42S01): SQLSTATE[42S01]: Base table or view already exists: 1050 Table 'users' already exists at C:/xampp/htdocs/laravel/examen_laravel_arm/vendor/laravel/framework/src/Illuminate/Database/Connection.php:584)
[stacktrace]
#0 C:/xampp/htdocs/laravel/examen_laravel_arm/vendor/laravel/framework/src/Illuminate/Database/Connection.php(584): PDOStatement->execute()
#1 C:/xampp/htdocs/laravel/examen_laravel_arm/vendor/laravel/framework/src/Illuminate/Database/Connection.php(827): Illuminate/Database/Connection->Illuminate/Database/{closure}('create table `u...', Array)
#2 C:/xampp/htdocs/laravel/examen_laravel_arm/vendor/laravel/framework/src/Illuminate/Database/Connection.php(794): Illuminate/Database/Connection->runQueryCallback('create table `u...', Array, Object(Closure))
#3 C:/xampp/htdocs/laravel/examen_laravel_arm/vendor/laravel/framework/src/Illuminate/Database/Connection.php(573): Illuminate/Database/Connection->run('create table `u...', Array, Object(Closure))
#4 C:/xampp/htdocs/laravel/examen_laravel_arm/vendor/laravel/framework/src/Illuminate/Database/Schema/Blueprint.php(121): Illuminate/Database/Connection->statement('create table `u...')
#5 C:/xampp/htdocs/laravel/examen_laravel_arm/vendor/laravel/framework/src/Illuminate/Database/Schema/Builder.php(684): Illuminate/Database/Schema/Blueprint->build()
#6 C:/xampp/htdocs/laravel/examen_laravel_arm/vendor/laravel/framework/src/Illuminate/Database/Schema/Builder.php(506): Illuminate/Database/Schema/Builder->build(Object(Illuminate/Database/Schema/Blueprint))
#7 C:/xampp/htdocs/laravel/examen_laravel_arm/vendor/laravel/framework/src/Illuminate/Support/Facades/Facade.php(363): Illuminate/Database/Schema/Builder->create('users', Object(Closure))
#8 C:/xampp/htdocs/laravel/examen_laravel_arm/database/migrations/0001_01_01_000000_create_users_table_arm.php(14): Illuminate/Support/Facades/Facade::__callStatic('create', Array)
#9 C:/xampp/htdocs/laravel/examen_laravel_arm/vendor/laravel/framework/src/Illuminate/Database/Migrations/Migrator.php(517): Illuminate/Database/Migrations/Migration@anonymous->up()
#10 C:/xampp/htdocs/laravel/examen_laravel_arm/vendor/laravel/framework/src/Illuminate/Database/Migrations/Migrator.php(442): Illuminate/Database/Migrations/Migrator->runMethod(Object(Illuminate/Database/MySqlConnection), Object(Illuminate/Database/Migrations/Migration@anonymous), 'up')
#11 C:/xampp/htdocs/laravel/examen_laravel_arm/vendor/laravel/framework/src/Illuminate/Database/Migrations/Migrator.php(451): Illuminate/Database/Migrations/Migrator->Illuminate/Database/Migrations/{closure}()
#12 C:/xampp/htdocs/laravel/examen_laravel_arm/vendor/laravel/framework/src/Illuminate/Database/Migrations/Migrator.php(253): Illuminate/Database/Migrations/Migrator->runMigration(Object(Illuminate/Database/Migrations/Migration@anonymous), 'up')
#13 C:/xampp/htdocs/laravel/examen_laravel_arm/vendor/laravel/framework/src/Illuminate/Console/View/Components/Task.php(41): Illuminate/Database/Migrations/Migrator->Illuminate/Database/Migrations/{closure}()
#14 C:/xampp/htdocs/laravel/examen_laravel_arm/vendor/laravel/framework/src/Illuminate/Database/Migrations/Migrator.php(812): Illuminate/Console/View/Components/Task->render('0001_01_01_0000...', Object(Closure))
#15 C:/xampp/htdocs/laravel/examen_laravel_arm/vendor/laravel/framework/src/Illuminate/Database/Migrations/Migrator.php(253): Illuminate/Database/Migrations/Migrator->write('Illuminate//Cons...', '0001_01_01_0000...', Object(Closure))
#16 C:/xampp/htdocs/laravel/examen_laravel_arm/vendor/laravel/framework/src/Illuminate/Database/Migrations/Migrator.php(211): Illuminate/Database/Migrations/Migrator->runUp('C://xampp//htdocs...', 1, false)
#17 C:/xampp/htdocs/laravel/examen_laravel_arm/vendor/laravel/framework/src/Illuminate/Database/Migrations/Migrator.php(138): Illuminate/Database/Migrations/Migrator->runPending(Array, Array)
#18 C:/xampp/htdocs/laravel/examen_laravel_arm/vendor/laravel/framework/src/Illuminate/Database/Console/Migrations/MigrateCommand.php(116): Illuminate/Database/Migrations/Migrator->run(Array, Array)
#19 C:/xampp/htdocs/laravel/examen_laravel_arm/vendor/laravel/framework/src/Illuminate/Database/Migrations/Migrator.php(669): Illuminate/Database/Console/Migrations/MigrateCommand->Illuminate/Database/Console/Migrations/{closure}()
#20 C:/xampp/htdocs/laravel/examen_laravel_arm/vendor/laravel/framework/src/Illuminate/Database/Console/Migrations/MigrateCommand.php(109): Illuminate/Database/Migrations/Migrator->usingConnection(NULL, Object(Closure))
#21 C:/xampp/htdocs/laravel/examen_laravel_arm/vendor/laravel/framework/src/Illuminate/Database/Console/Migrations/MigrateCommand.php(88): Illuminate/Database/Console/Migrations/MigrateCommand->runMigrations()
#22 C:/xampp/htdocs/laravel/examen_laravel_arm/vendor/laravel/framework/src/Illuminate/Container/BoundMethod.php(36): Illuminate/Database/Console/Migrations/MigrateCommand->handle()
#23 C:/xampp/htdocs/laravel/examen_laravel_arm/vendor/laravel/framework/src/Illuminate/Container/Util.php(43): Illuminate/Container/BoundMethod::Illuminate/Container/{closure}()
#24 C:/xampp/htdocs/laravel/examen_laravel_arm/vendor/laravel/framework/src/Illuminate/Container/BoundMethod.php(96): Illuminate/Container/Util::unwrapIfClosure(Object(Closure))
#25 C:/xampp/htdocs/laravel/examen_laravel_arm/vendor/laravel/framework/src/Illuminate/Container/BoundMethod.php(35): Illuminate/Container/BoundMethod::callBoundMethod(Object(Illuminate/Foundation/Application), Array, Object(Closure))
#26 C:/xampp/htdocs/laravel/examen_laravel_arm/vendor/laravel/framework/src/Illuminate/Container/Container.php(799): Illuminate/Container/BoundMethod::call(Object(Illuminate/Foundation/Application), Array, Array, NULL)
#27 C:/xampp/htdocs/laravel/examen_laravel_arm/vendor/laravel/framework/src/Illuminate/Console/Command.php(211): Illuminate/Container/Container->call(Array)
#28 C:/xampp/htdocs/laravel/examen_laravel_arm/vendor/symfony/console/Command/Command.php(341): Illuminate/Console/Command->execute(Object(Symfony/Component/Console/Input/ArrayInput), Object(Illuminate/Console/OutputStyle))
#29 C:/xampp/htdocs/laravel/examen_laravel_arm/vendor/laravel/framework/src/Illuminate/Console/Command.php(180): Symfony/Component/Console/Command/Command->run(Object(Symfony/Component/Console/Input/ArrayInput), Object(Illuminate/Console/OutputStyle))
#30 C:/xampp/htdocs/laravel/examen_laravel_arm/vendor/laravel/framework/src/Illuminate/Console/Concerns/CallsCommands.php(68): Illuminate/Console/Command->run(Object(Symfony/Component/Console/Input/ArrayInput), Object(Illuminate/Console/OutputStyle))
#31 C:/xampp/htdocs/laravel/examen_laravel_arm/vendor/laravel/framework/src/Illuminate/Console/Concerns/CallsCommands.php(29): Illuminate/Console/Command->runCommand('migrate', Array, Object(Illuminate/Console/OutputStyle))
#32 C:/xampp/htdocs/laravel/examen_laravel_arm/vendor/laravel/framework/src/Illuminate/Database/Console/Migrations/FreshCommand.php(81): Illuminate/Console/Command->call('migrate', Array)
#33 C:/xampp/htdocs/laravel/examen_laravel_arm/vendor/laravel/framework/src/Illuminate/Container/BoundMethod.php(36): Illuminate/Database/Console/Migrations/FreshCommand->handle()
#34 C:/xampp/htdocs/laravel/examen_laravel_arm/vendor/laravel/framework/src/Illuminate/Container/Util.php(43): Illuminate/Container/BoundMethod::Illuminate/Container/{closure}()
#35 C:/xampp/htdocs/laravel/examen_laravel_arm/vendor/laravel/framework/src/Illuminate/Container/BoundMethod.php(96): Illuminate/Container/Util::unwrapIfClosure(Object(Closure))
#36 C:/xampp/htdocs/laravel/examen_laravel_arm/vendor/laravel/framework/src/Illuminate/Container/BoundMethod.php(35): Illuminate/Container/BoundMethod::callBoundMethod(Object(Illuminate/Foundation/Application), Array, Object(Closure))
#37 C:/xampp/htdocs/laravel/examen_laravel_arm/vendor/laravel/framework/src/Illuminate/Container/Container.php(799): Illuminate/Container/BoundMethod::call(Object(Illuminate/Foundation/Application), Array, Array, NULL)
#38 C:/xampp/htdocs/laravel/examen_laravel_arm/vendor/laravel/framework/src/Illuminate/Console/Command.php(211): Illuminate/Container/Container->call(Array)
#39 C:/xampp/htdocs/laravel/examen_laravel_arm/vendor/symfony/console/Command/Command.php(341): Illuminate/Console/Command->execute(Object(Symfony/Component/Console/Input/ArgvInput), Object(Illuminate/Console/OutputStyle))
#40 C:/xampp/htdocs/laravel/examen_laravel_arm/vendor/laravel/framework/src/Illuminate/Console/Command.php(180): Symfony/Component/Console/Command/Command->run(Object(Symfony/Component/Console/Input/ArgvInput), Object(Illuminate/Console/OutputStyle))
#41 C:/xampp/htdocs/laravel/examen_laravel_arm/vendor/symfony/console/Application.php(1102): Illuminate/Console/Command->run(Object(Symfony/Component/Console/Input/ArgvInput), Object(Symfony/Component/Console/Output/ConsoleOutput))
#42 C:/xampp/htdocs/laravel/examen_laravel_arm/vendor/symfony/console/Application.php(356): Symfony/Component/Console/Application->doRunCommand(Object(Illuminate/Database/Console/Migrations/FreshCommand), Object(Symfony/Component/Console/Input/ArgvInput), Object(Symfony/Component/Console/Output/ConsoleOutput))
#43 C:/xampp/htdocs/laravel/examen_laravel_arm/vendor/symfony/console/Application.php(195): Symfony/Component/Console/Application->doRun(Object(Symfony/Component/Console/Input/ArgvInput), Object(Symfony/Component/Console/Output/ConsoleOutput))
#44 C:/xampp/htdocs/laravel/examen_laravel_arm/vendor/laravel/framework/src/Illuminate/Foundation/Console/Kernel.php(198): Symfony/Component/Console/Application->run(Object(Symfony/Component/Console/Input/ArgvInput), Object(Symfony/Component/Console/Output/ConsoleOutput))
#45 C:/xampp/htdocs/laravel/examen_laravel_arm/vendor/laravel/framework/src/Illuminate/Foundation/Application.php(1235): Illuminate/Foundation/Console/Kernel->handle(Object(Symfony/Component/Console/Input/ArgvInput), Object(Symfony/Component/Console/Output/ConsoleOutput))
#46 C:/xampp/htdocs/laravel/examen_laravel_arm/artisan(16): Illuminate/Foundation/Application->handleCommand(Object(Symfony/Component/Console/Input/ArgvInput))
#47 {main}
"} 
[2026-02-02 12:36:52] local.ERROR: There are no commands defined in the "ide-helper" namespace. {"exception":"[object] (Symfony\\Component\\Console\\Exception\\NamespaceNotFoundException(code: 0): There are no commands defined in the \"ide-helper\" namespace. at C:/xampp/htdocs/laravel/examen_laravel_arm/vendor/symfony/console/Application.php:694)
[stacktrace]
#0 C:/xampp/htdocs/laravel/examen_laravel_arm/vendor/symfony/console/Application.php(743): Symfony/Component/Console/Application->findNamespace('ide-helper')
#1 C:/xampp/htdocs/laravel/examen_laravel_arm/vendor/symfony/console/Application.php(298): Symfony/Component/Console/Application->find('ide-helper:mode...')
#2 C:/xampp/htdocs/laravel/examen_laravel_arm/vendor/symfony/console/Application.php(195): Symfony/Component/Console/Application->doRun(Object(Symfony/Component/Console/Input/ArgvInput), Object(Symfony/Component/Console/Output/ConsoleOutput))
#3 C:/xampp/htdocs/laravel/examen_laravel_arm/vendor/laravel/framework/src/Illuminate/Foundation/Console/Kernel.php(198): Symfony/Component/Console/Application->run(Object(Symfony/Component/Console/Input/ArgvInput), Object(Symfony/Component/Console/Output/ConsoleOutput))
#4 C:/xampp/htdocs/laravel/examen_laravel_arm/vendor/laravel/framework/src/Illuminate/Foundation/Application.php(1235): Illuminate/Foundation/Console/Kernel->handle(Object(Symfony/Component/Console/Input/ArgvInput), Object(Symfony/Component/Console/Output/ConsoleOutput))
#5 C:/xampp/htdocs/laravel/examen_laravel_arm/artisan(16): Illuminate/Foundation/Application->handleCommand(Object(Symfony/Component/Console/Input/ArgvInput))
#6 {main}
"} 
[2026-02-02 12:36:52] local.ERROR: There are no commands defined in the "ide-helper" namespace. {"exception":"[object] (Symfony\\Component\\Console\\Exception\\NamespaceNotFoundException(code: 0): There are no commands defined in the \"ide-helper\" namespace. at C:/xampp/htdocs/laravel/examen_laravel_arm/vendor/symfony/console/Application.php:694)
[stacktrace]
#0 C:/xampp/htdocs/laravel/examen_laravel_arm/vendor/symfony/console/Application.php(743): Symfony/Component/Console/Application->findNamespace('ide-helper')
#1 C:/xampp/htdocs/laravel/examen_laravel_arm/vendor/symfony/console/Application.php(298): Symfony/Component/Console/Application->find('ide-helper:gene...')
#2 C:/xampp/htdocs/laravel/examen_laravel_arm/vendor/symfony/console/Application.php(195): Symfony/Component/Console/Application->doRun(Object(Symfony/Component/Console/Input/ArgvInput), Object(Symfony/Component/Console/Output/ConsoleOutput))
#3 C:/xampp/htdocs/laravel/examen_laravel_arm/vendor/laravel/framework/src/Illuminate/Foundation/Console/Kernel.php(198): Symfony/Component/Console/Application->run(Object(Symfony/Component/Console/Input/ArgvInput), Object(Symfony/Component/Console/Output/ConsoleOutput))
#4 C:/xampp/htdocs/laravel/examen_laravel_arm/vendor/laravel/framework/src/Illuminate/Foundation/Application.php(1235): Illuminate/Foundation/Console/Kernel->handle(Object(Symfony/Component/Console/Input/ArgvInput), Object(Symfony/Component/Console/Output/ConsoleOutput))
#5 C:/xampp/htdocs/laravel/examen_laravel_arm/artisan(16): Illuminate/Foundation/Application->handleCommand(Object(Symfony/Component/Console/Input/ArgvInput))
#6 {main}
"} 
